ROAD_NO,ROAD_TYPE,ROAD_NAME,SECTION_START,SECTION_END,WIDTH,LENGTH,ANNOUNCE_DATE,DISTRICT,DEPARTMENT,ROAD_OWNER
1,ถนน,ถนนกรุงเกษม,ถนนสามเสน,ถนนประชาธิปไตย,21.00,0.483,1984-05-22,พระนคร,สำนักการโยธา,กรุงเทพมหานคร
1,ถนน,ถนนกรุงเกษม,ถนนประชาธิปไตย,ถนนราชดำเนินนอก,21.00,0.431,1984-05-22,พระนคร,สำนักการโยธา,กรุงเทพมหานคร
1,ถนน,ถนนกรุงเกษม,ถนนราชดำเนินนอก,ถนนนครสวรรค์,21.00,0.499,1984-05-22,ป้อมปราบศัตรูพ่าย,สำนักการโยธา,กรุงเทพมหานคร
1,ถนน,ถนนกรุงเกษม,ถนนนครสวรรค์,ถนนหลานหลวง,20.50,0.54,1984-05-22,ป้อมปราบศัตรูพ่าย,สำนักการโยธา,กรุงเทพมหานคร
1,ถนน,ถนนกรุงเกษม,ถนนหลานหลวง,ถนบำรุงเมือง,17.00,0.86,1984-05-22,ป้อมปราบศัตรูพ่าย,สำนักการโยธา,กรุงเทพมหานคร
1,ถนน,ถนนกรุงเกษม,ถนบำรุงเมือง,ถนนหลวง,20.50,0.379,1984-05-22,ป้อมปราบศัตรูพ่าย,สำนักการโยธา,กรุงเทพมหานคร
1,ถนน,ถนนกรุงเกษม,ถนนหลวง,ถนนสันติภาพ,19.50,0.404,1984-05-22,ป้อมปราบศัตรูพ่าย,สำนักการโยธา,กรุงเทพมหานคร
1,ถนน,ถนนกรุงเกษม,ถนนสันติภาพ,ถ.พระรามที่ 4,21.50,0.42,1984-05-22,ป้อมปราบศัตรูพ่าย,สำนักการโยธา,กรุงเทพมหานคร
2,ถนน,ถนนกรุงเทพ-นนทบุรี,ถนนประชาราษฎร์สาย 2,สุดเขตกรุงเทพมหานคร,25.00,3.617,1983-12-22,บางซื่อ,สำนักการโยธา,กรุงเทพมหานคร
3,ถนน,ถนนกรุงธนบุรี,ถนนเจริญนคร,สุดเขต (คลองบางไส้ไก่),27.00-80.00,2.43,2004-02-05,คลองสาน,สำนักการโยธา,กรุงเทพมหานคร
4,ถนน,ถนนกัลยาณไมตรี,ถนนราชินี,ถนนสนามไชย,15.80-17.00,0.22,2018-09-12,พระนคร,สำนักการโยธา,กรุงเทพมหานคร
4,ถนน,ถนนกัลยาณไมตรี,ถนนสนามไชย (ถนนราชดำเเนินใน),ถนนราชินี,16.40,0.239,1985-10-31,พระนคร,สำนักการโยธา,กรุงเทพมหานคร
5,ถนน,ถนนเกษมราษฎร์,ถนนพระรามที่ 4,การท่าเรือแห่งประเทศไทย,30.80-34.70,1.238,1994-04-15,คลองเตย,สำนักการโยธา,กรุงเทพมหานคร
6,ถนน,ถนนแก้วเงินทอง,ถนนฉิมพลี,คลองบางพรม,16.00,2.1,1986-06-09,ตลิ่งชัน,สำนักการโยธา,กรุงเทพมหานคร
6,ถนน,ถนนแก้วเงินทอง,คลองชักพระ,คลองบางพรม,14.00,1.12,1986-06-09,ตลิ่งชัน,สำนักการโยธา,กรุงเทพมหานคร
7,ถนน,ถนนไกรสีห์,ถนนสิบสามห้าง,ถนนจักรพงษ์,17.00,0.194,1985-07-26,พระนคร,สำนักการโยธา,กรุงเทพมหานคร
8,ถนน,ถนนขาว,ถนนราชวิถี,ถนนสุโขทัย,12.20-13.70,0.35,2001-06-13,ดุสิต,สำนักการโยธา,กรุงเทพมหานคร
9,ถนน,ถนนข้าวหลาม,ถนนเจริญกรุง,สุดพื้นที่เขต (คลองผดุงกรุงเกษม),14.90-29.10,0.245,2011-05-19,สัมพันธวงศ์,สำนักการโยธา,กรุงเทพมหานคร
10,ถนน,ถนนเขียวไข่กา,ถนนสามเสน,แม่น้ำเจ้าพระยา,16.00,0.35,1983-10-11,ดุสิต,สำนักการโยธา,กรุงเทพมหานคร
11,ถนน,ถนนครุใน,ถนนประชาอุทิศ,สุดเขตพื้นที่ (คลองรางใหญ่),18.75-20.00,0.68,2004-12-03,ทุ่งครุ,สำนักการโยธา,กรุงเทพมหานคร
12,ถนน,ถนนคลองเก้า,ถนนคู้ - คลองสิบ,สุดเขตกรุงเทพมหานคร,30.00,5.75,1993-06-30,หนองจอก,สำนักการโยธา,กรุงเทพมหานคร
13,ถนน,ถนนคลองสิบ-คลองสิบสี่,ถนนคู้-คลองสิบ,ถนนประชาสำราญ,30.00,5.7,1985-08-16,หนองจอก,สำนักการโยธา,กรุงเทพมหานคร
14,ถนน,ถนนคลองหนองใหญ่,ถนนสุขาภิบาล 1,ถนนกาญจนาภิเษก,11.10-12.30,1.88,2003-08-15,บางแค,สำนักการโยธา,กรุงเทพมหานคร
15,ถนน,ถนนคอนแวนต์,ถนนสีลม,ถนนสาทรเหนือ,15.00-18.85,0.546,2010-02-03,บางรัก,สำนักการโยธา,กรุงเทพมหานคร
16,ถนน,ถนนคุ้มเกล้า,ถนนคู่ขนานมอเตอร์เวย์ กรุงเทพ-ชลบุรี,สุดเขตพื้นที่ (คลองตาเสือ),27.30-30.00,6.6,2004-04-09,ลาดกระบัง,สำนักการโยธา,กรุงเทพมหานคร
17,ถนน,ถนนคู้-คลองสิบ,ถนนมิตรไมตรี,คลองยายแขม,30.00,1.45,1985-07-18,หนองจอก,สำนักการโยธา,กรุงเทพมหานคร
17,ถนน,ถนนคู้-คลองสิบ,คลองยายแขม,คลองสนามกลางลำ,30.00,2.36,1985-07-18,หนองจอก,สำนักการโยธา,กรุงเทพมหานคร
17,ถนน,ถนนคู้-คลองสิบ,คลองสนามกลางลำ,สุดระยะถนนลูกรัง,30.00,1.5,1985-07-18,หนองจอก,สำนักการโยธา,กรุงเทพมหานคร
17,ถนน,ถนนคู้-คลองสิบ,สุดระยะถนนลูกรัง,สุดเขตกรุงเทพมหานคร,30.00,1.944,1985-07-18,หนองจอก,สำนักการโยธา,กรุงเทพมหานคร
18,ถนน,ถนนคู้บอน,ถนนรามอินทรา,คลองคู้บอน,24.00,1.915,1993-05-20,คันนายาว,สำนักการโยธา,กรุงเทพมหานคร
18,ถนน,ถนนคู้บอน,ถนนพระยาสุเรนทร์,วัดคู้บอน,30.00,2.5,1985-09-12,คลองสามวา,สำนักการโยธา,กรุงเทพมหานคร
19,ถนน,ถนนจตุโชติ,ถนนสุขาภิบาล 5 (รัตนโกสินทร์),ถนนจตุโชติ (ช่วง 2),8.00-20.00,2.75,2005-10-07,สายไหม,สำนักการโยธา,กรุงเทพมหานคร
19,ถนน,ถนนจตุโชติ,ถนนคู่ขนานวงแหวนรอบนอกด้านตะวันออก,คลองพระยาสุเรนทร์ (สุดพื้นที่เขต),20.00,2.7,2005-10-07,สายไหม,สำนักการโยธา,กรุงเทพมหานคร
20,ถนน,ถนนจรัญสนิทวงศ์,ถนนเพชรเกษม,จรัญสนิทวงศ์ 21 (สะพานคลองมอญ),28.00,1.77,1984-10-05,บางกอกใหญ่,สำนักการโยธา,กรุงเทพมหานคร
20,ถนน,ถนนจรัญสนิทวงศ์,ถนนเพชรเกษม (คลองมอญ),จรัญสนิทวงศ์ 59 (ถ.สมเด็จพระปิ่นเกล้า),28.00-30.50,6.664,1984-10-05,บางกอกน้อย,สำนักการโยธา,กรุงเทพมหานคร
20,ถนน,ถนนจรัญสนิทวงศ์,ถนนบรมราชชนนี,คลองละมุด (สุดพื้นที่เขต),30.90-38.00,5.4,2010-06-14,บางพลัด,สำนักการโยธา,กรุงเทพมหานคร
21,ถนน,ถนนจรัสเมือง,ถนนรองเมือง,ถนนพระรามที่ 6,20.70-25.80,0.235,2010-09-09,ปทุมวัน,สำนักการโยธา,กรุงเทพมหานคร
22,ถนน,ถนนจอมทอง,ถนนสุขสวัสดิ์,สะพานบางขุนเทียน,16.30-18.50,2.05,2010-03-31,จอมทอง,สำนักการโยธา,กรุงเทพมหานคร
23,ถนน,ถนนจักรพงษ์,ถนนสามเสน,ถนนราชดำเนินกลาง,20.00,0.675,1984-01-25,พระนคร,สำนักการโยธา,กรุงเทพมหานคร
24,ถนน,ถนนจักรพรรดิพงษ์,ถนนบำรุงเมือง,ถนนราชดำเนินนอก,22.50,0.937,1984-06-28,ป้อมปราบศัตรูพ่าย,สำนักการโยธา,กรุงเทพมหานคร
25,ถนน,ถนนจักรวรรดิ์,ถนนเจริญกรุง,ถนนมหาจักร,20.80-21.90,0.687,2011-06-10,สัมพันธวงศ์,สำนักการโยธา,กรุงเทพมหานคร
26,ถนน,ถนนจันทน์,ถนนนางลิ้นจี่,ซอยกิ่งจันทร์ (สุดเขตสาทร),20.00,3.532,1999-08-05,สาทร,สำนักการโยธา,กรุงเทพมหานคร
26,ถนน,ถนนจันทน์,ถนนเจริญกรุง,สุดเขตพื้นที่ เขตบางคอแหลม,20.00,0.55,2002-03-07,บางคอแหลม,สำนักการโยธา,กรุงเทพมหานคร
26,ถนน,ถนนจันทน์,ถนนนราธิวาสราชนครินทร์,ถนนสาธุประดิษฐ์,18.00-20.00,0.85,2004-07-12,ยานนาวา,สำนักการโยธา,กรุงเทพมหานคร
27,ถนน,ถนนจันทน์เก่า,ถนนนางลิ้นจี่,ถนนนราธิวาสราชนครินทร์,6.70-12.00,0.54,2004-07-12,ยานนาวา,สำนักการโยธา,กรุงเทพมหานคร
28,ถนน,ถนนจันทิมา,ซอยลาดพร้าว 80,สุดซอย,8.00-10.00,2.8,2000-06-16,วังทองหลาง,สำนักการโยธา,กรุงเทพมหานคร
28,ถนน,ถนนจันทิมา,ถนนประชาราษฎร์บำเพ็ญ,คลองลาดพร้าว,11.00,0.752,2000-12-07,ห้วยขวาง,สำนักการโยธา,กรุงเทพมหานคร
29,ถนน,ถนนจารุเมือง,ถนนเจริญเมือง,ถนนพระรามที่ 4,25.60,0.4,2010-09-09,ปทุมวัน,สำนักการโยธา,กรุงเทพมหานคร
30,ถนน,ถนนเจริญกรุง,ถนนสนามไชย,ถนนอัษฎางค์,19.50,0.1653,1998-12-02,พระนคร,สำนักการโยธา,กรุงเทพมหานคร
30,ถนน,ถนนเจริญกรุง,ถนนอัษฎางค์,ถนนเฟื่องนคร,20.80,0.1202,1998-12-02,พระนคร,สำนักการโยธา,กรุงเทพมหานคร
30,ถนน,ถนนเจริญกรุง,ถนนเฟื่องนคร,ถนนตีทอง,20.80,0.2088,1998-12-02,พระนคร,สำนักการโยธา,กรุงเทพมหานคร
30,ถนน,ถนนเจริญกรุง,ถนนตีทอง,ถนนบูรพา,20.50,0.1214,1998-12-02,พระนคร,สำนักการโยธา,กรุงเทพมหานคร
30,ถนน,ถนนเจริญกรุง,ถนนบูรพา,คลองโอ่งอ่าง,20.70,0.2084,1998-12-02,พระนคร,สำนักการโยธา,กรุงเทพมหานคร
30,ถนน,ถนนเจริญกรุง,สะพานดำรงค์สถิตย์,ถนนพระรามที่ 4,17.30-19.60,1.15,2001-02-12,"ป้อมปราบศัตรูพ่าย,สัมพันธวงศ์",สำนักการโยธา,กรุงเทพมหานคร
30,ถนน,ถนนเจริญกรุง,ถนนพระรามที่ 4,คลองผดุงกรุงเกษม,15.80-18.40,1,2001-02-12,สัมพันธวงศ์,สำนักการโยธา,กรุงเทพมหานคร
30,ถนน,ถนนเจริญกรุง,ถนนมหาพฤฒาราม,ถนนสาทรเหนือ,16.35-17.25,1.05,2010-07-30,บางรัก,สำนักการโยธา,กรุงเทพมหานคร
30,ถนน,ถนนเจริญกรุง,ถนนสาทรใต้ (สุดเขตพื้นที่),คลองกรวย,17.00-17.30,0.934,2002-05-15,สาทร,สำนักการโยธา,กรุงเทพมหานคร
30,ถนน,ถนนเจริญกรุง,คลองกรวย,สุดถนน,17.50-30.00,2.907,2002-03-07,บางคอแหลม,สำนักการโยธา,กรุงเทพมหานคร
31,ถนน,ถนนเจริญนคร,คลองบางใส่ไก่ (สะพานเจริญนคร 5),ถนนลาดหญ้า,30.00,2.82,1998-12-29,คลองสาน,สำนักการโยธา,กรุงเทพมหานคร
31,ถนน,ถนนเจริญนคร,คลองบางไส้ไก่,คลองดาวคะนอง (สุดเขตธนบุรี),30.00,1.981,1998-12-29,ธนบุรี,สำนักการโยธา,กรุงเทพมหานคร
32,ถนน,ถนนเจริญเมือง,ถนนรองเมือง,ถนนพระรามที่ 6,23.50,0.23,2010-09-09,ปทุมวัน,สำนักการโยธา,กรุงเทพมหานคร
33,ถนน,ถนนเจริญรัถ,ถนนสมเด็จ พระเจ้าตากสิน,ถนนเจริญนคร,14.00,1.78,1984-08-20,คลองสาน,สำนักการโยธา,กรุงเทพมหานคร
34,ถนน,ถนนเจริญราษฎร์,ถนนสาทรใต้,สุดเขตพื้นที่,40.00,1.517,2006-08-04,สาทร,สำนักการโยธา,กรุงเทพมหานคร
34,ถนน,ถนนเจริญราษฎร์,ถนนรัชดาภิเษก (พระรามที่ 3),สุดเขตพื้นที่,40.00-100.00,1.8,2004-10-22,บางคอแหลม,สำนักการโยธา,กรุงเทพมหานคร
35,ถนน,ถนนเจ้าคุณทหาร,ถนนร่มเกล้า,ถนนฉลองกรุง,40.00,5.025,1993-05-20,ลาดกระบัง,สำนักการโยธา,กรุงเทพมหานคร
36,ถนน,ถนนเจ้าฟ้า,ถนนพระอาทิตย์,ถนนราชดำเนินกลาง,15.00,0.57,1984-01-25,พระนคร,สำนักการโยธา,กรุงเทพมหานคร
37,ถนน,ถนนฉลองกรุง,ถนนสุวินทวงศ์,คลองลำมะขาม,30.00,3.331,1985-08-16,หนองจอก,สำนักการโยธา,กรุงเทพมหานคร
37,ถนน,ถนนฉลองกรุง,คลองลำมะขาม,สะพานข้ามคลองประเวศ,30.00,7,1985-08-16,ลาดกระบัง,สำนักการโยธา,กรุงเทพมหานคร
38,ถนน,ถนนฉิมพลี,ถนนชักพระ,คลองบางระมาด,14.00,3.92,1986-06-09,ตลิ่งชัน,สำนักการโยธา,กรุงเทพมหานคร
38,ถนน,ถนนฉิมพลี,ถนนบรมราชชนนี,สุดระยะ (คลองบ้านไทร),10.30-20.00,0.485,2011-02-11,ตลิ่งชัน,สำนักการโยธา,กรุงเทพมหานคร
38,ถนน,ถนนฉิมพลี,คลองบ้านไทร,ถนนพุทธมณฑลสาย 1,10.30-14.40,0.485,2011-02-11,ตลิ่งชัน,สำนักการโยธา,กรุงเทพมหานคร
38,ถนน,ถนนฉิมพลี,ถนนพุทธมณฑลสาย 1,ถนนพุทธมณฑลสาย 1,11.40-12.00,0.3,2011-02-11,ตลิ่งชัน,สำนักการโยธา,กรุงเทพมหานคร
39,ถนน,ถนนเฉลิมพงษ์,ถนนสายไหม,สุดพื้นที่เขตกรุงเทพมหานคร,19.00-20.00,0.996,2003-03-03,สายไหม,สำนักการโยธา,กรุงเทพมหานคร
40,ถนน,ถนนเฉลิมพระเกียรติ ร.9,ถนนสุขุมวิท 77 (ถนนอ่อนนุช),ถนนศรีนครินทร์,20.00-25.00,8.6,1999-08-11,ประเวศ,สำนักการโยธา,กรุงเทพมหานคร
40,ถนน,ถนนเฉลิมพระเกียรติ ร.9,ถนนอ่อนนุช (สุขุมวิท 77),สุดเขตพื้นที่ (ทางรถไฟสายตวันออก),25.00,1.16,2012-06-27,ประเวศ,สำนักการโยธา,กรุงเทพมหานคร
41,ถนน,ถนนชัยพฤกษ์,คลองชักพระ,วัดชัยพฤกษ์มาลา,14.00,1.66,1986-06-09,ตลิ่งชัน,สำนักการโยธา,กรุงเทพมหานคร
42,ถนน,ถนนชิดลม,ถนนเพชรบุรี,คลองแสนแสบ (สุดพื้นที่เขต),18.00,0.06,2005-10-07,ราชเทวี,สำนักการโยธา,กรุงเทพมหานคร
42,ถนน,ถนนชิดลม,ถนนเพลินจิต,สุดเขตพื้นที่ (คลองแสนแสบ),18.65-19.50,0.59,2010-02-03,ปทุมวัน,สำนักการโยธา,กรุงเทพมหานคร
43,ถนน,ถนนเชื่อมคลองมอญ,ถนนประชาพัฒนา,ถนนเลียบคลองมอญ,30.00,1.623,1985-08-16,ลาดกระบัง,สำนักการโยธา,กรุงเทพมหานคร
44,ถนน,ถนนเชื่อมสัมพันธ์,ถนนเลียบวารี,หอนาฬิกา,15.50,0.06,1985-06-25,หนองจอก,สำนักการโยธา,กรุงเทพมหานคร
44,ถนน,ถนนเชื่อมสัมพันธ์,หอนาฬิกา,คลองแสนแสบ,15.00,0.085,1985-06-25,หนองจอก,สำนักการโยธา,กรุงเทพมหานคร
44,ถนน,ถนนเชื่อมสัมพันธ์,คลองแสนแสบ,คลองลำต้นกล้วย,15.00,0.09,1985-06-25,หนองจอก,สำนักการโยธา,กรุงเทพมหานคร
44,ถนน,ถนนเชื่อมสัมพันธ์,คลองลำต้นกล้วย,ถนนสกุลดี,11.00,0.312,1985-06-25,หนองจอก,สำนักการโยธา,กรุงเทพมหานคร
45,ถนน,ถนนโชคชัย 4,ถนนลาดพร้าว,คลองทรงกระเทียม,10.00,0.76,1999-04-26,วังทองหลาง,สำนักการโยธา,กรุงเทพมหานคร
45,ถนน,ถนนโชคชัย 4,คลองทรงกระเทียม,ถนนสุขาภิบาล-บางกะปิ,14.00-18.00,3.131,1999-04-26,ลาดพร้าว,สำนักการโยธา,กรุงเทพมหานคร
46,ถนน,ถนน ณ ระนอง,ห้าแยก ณ ระนอง,คลังน้ำมันเชลล์,12.00-16.10,0.65,1994-04-15,คลองเตย,สำนักการโยธา,กรุงเทพมหานคร
47,ถนน,ถนนดำรงค์รักษ์,ถนนผดุงกรุงเกษม,กรมโยธาธิการ,17.50,1.251,1984-01-25,ป้อมปราบศัตรูพ่าย,สำนักการโยธา,กรุงเทพมหานคร
48,ถนน,ถนนดินแดง,ถนนราชวิถี,ถนนวิภาวดีรังสิต,40.00,0.54,1999-09-13,พญาไท,สำนักการโยธา,กรุงเทพมหานคร
48,ถนน,ถนนดินแดง,ถนนวิภาวดีรังสิต,ถนนประชาสงเคราะห์,30.90-33.00,0.8,2004-07-12,ดินแดง,สำนักการโยธา,กรุงเทพมหานคร
49,ถนน,ถนนดินสอ,ถนนพระสุเมรุ,ถนนบำรุงเมือง,13.00,0.84,1984-01-25,พระนคร,สำนักการโยธา,กรุงเทพมหานคร
50,ถนน,ถนนเดโช,ถนนสุรวงศ์,ถนนสีลม,15.00-15.45,0.266,2010-02-03,บางรัก,สำนักการโยธา,กรุงเทพมหานคร
51,ถนน,ถนนตรีเพชร,ถนนจักรเพชร,ถนนพาหุรัด,27.50,0.435,1984-01-25,พระนคร,สำนักการโยธา,กรุงเทพมหานคร
51,ถนน,ถนนตรีเพชร,ถนนพาหุรัด,ถนนเจริญกรุง,20.50,0.215,1984-01-25,พระนคร,สำนักการโยธา,กรุงเทพมหานคร
52,ถนน,ถนนตรีมิตร,ถนนเยาวราช,ถนนทรงวาด,16.00,0.185,2010-01-14,สัมพันธวงศ์,สำนักการโยธา,กรุงเทพมหานคร
53,ถนน,ถนนตะนาว,ถนนบำรุงเมือง,ถนนบวรนิเวศน์,13.00,0.92,1984-01-25,พระนคร,สำนักการโยธา,กรุงเทพมหานคร
54,ถนน,ถนนตานี,ถนนจักรพงษ์,ถนนสิบสามห้าง,14.00,0.215,1984-01-25,พระนคร,สำนักการโยธา,กรุงเทพมหานคร
55,ถนน,ถนนตีทอง,ถนนบำรุงเมือง,ถนนเจริญกรุง,18.45,0.505,1999-06-18,พระนคร,สำนักการโยธา,กรุงเทพมหานคร
56,ถนน,ถนนเตชะวณิช,ถนนประดิพัทธ์,คลองบางซื่อ,25.00,0.77,1999-07-02,ดุสิต,สำนักการโยธา,กรุงเทพมหานคร
56,ถนน,ถนนเตชะวณิช,สะพานสูงบางซื่อ,คลองบางซื่อ,20.00-25.00,0.8,2004-07-12,บางซื่อ,สำนักการโยธา,กรุงเทพมหานคร
57,ถนน,ถนนทรงวาด,ถนนราชวงศ์,ถนนเจริญกรุง,14.50-20.00,1.016,2004-07-12,สัมพันธวงศ์,สำนักการโยธา,กรุงเทพมหานคร
58,ถนน,ถนนทรงสวัสดิ์,ถนนเจริญกรุง,ท่าน้ำสวัสดี,10.30-13.00,0.52,2004-07-12,สัมพันธวงศ์,สำนักการโยธา,กรุงเทพมหานคร
59,ถนน,ถนนทรัพย์,ถนนสี่พระยา,ถนนสุรวงค์,12.00,0.375,2010-07-30,บางรัก,สำนักการโยธา,กรุงเทพมหานคร
60,ถนน,ถนนทวีวัฒนา,ถนนเพชรเกษม,คลองบางไผ่,20.00,3.6,2002-12-23,หนองแขม,สำนักการโยธา,กรุงเทพมหานคร
61,ถนน,ถนนทวีวัฒนา-กาญจนาภิเษก,ถนนกาญจนาภิเษก,ถนนพุทธมณฑลสาย 2,16.00,1.2,2004-12-03,ทวีวัฒนา,สำนักการโยธา,กรุงเทพมหานคร
61,ถนน,ถนนทวีวัฒนา-กาญจนาภิเษก,ถนนพุทธมณฑลสาย 2,คลองทวีวัฒนา,16.00,6.19,2011-10-13,ทวีวัฒนา,สำนักการโยธา,กรุงเทพมหานคร
61,ถนน,ถนนทวีวัฒนา-กาญจนาภิเษก,ถนนทวีวัฒนา,สุดเขตพื้นที่ (กรุงเทพมหานคร),16.00,1.82,2011-10-13,ทวีวัฒนา,สำนักการโยธา,กรุงเทพมหานคร
62,ถนน,ถนนทหาร,ถนนพระรามที่ 5,ถนนสามเสน,20.00,1.06,1984-01-25,ดุสิต,สำนักการโยธา,กรุงเทพมหานคร
62,ถนน,ถนนทหาร,ถนนสามเสน,แม่น้ำเจ้าพระยา,20.00,0.47,1984-01-25,ดุสิต,สำนักการโยธา,กรุงเทพมหานคร
63,ถนน,ถนนทับยาว,ถนนเลียบคลองมอญ,คลองลำพะอง (สุดพื้นที่เขต),30.00,4.015,2006-01-13,ลาดกระบัง,สำนักการโยธา,กรุงเทพมหานคร
64,ถนน,ถนนท่าข้าม,ถนนพระรามที่ 2 (ถนนธนบุรี-ปากท่อ),สถานีตำรวจท่าข้าม,30.00,2.95,1985-07-04,บางขุนเทียน,สำนักการโยธา,กรุงเทพมหานคร
65,ถนน,ถนนทางรถไฟสายปากน้ำเก่า,ถนนพระรามที่ 4,คลองบางจาก,10.00-14.80,4.849,1994-02-22,คลองเตย,สำนักการโยธา,กรุงเทพมหานคร
65,ถนน,ถนนทางรถไฟสายปากน้ำเก่า,คลองพระโขนง,คลองบางจาก,14.80,1.747,1994-02-22,พระโขนง,สำนักการโยธา,กรุงเทพมหานคร
65,ถนน,ถนนทางรถไฟสายปากน้ำเก่า,คลองบางอ้อ,สุดเขตกรุงเทพมหานคร,7.00-17.00,2.1,2000-10-12,บางนา,สำนักการโยธา,กรุงเทพมหานคร
66,ถนน,ถนนท่าดินแดง,ถนนลาดหญ้า,ท่าน้ำท่าดินแดง,23.30,0.9,1985-08-23,คลองสาน,สำนักการโยธา,กรุงเทพมหานคร
67,ถนน,ถนนท้ายวัง,ถนนสนามไชย,แม่น้ำเจ้าพระยา,17.00,0.45,1983-10-11,พระนคร,สำนักการโยธา,กรุงเทพมหานคร
68,ถนน,ถนนทุ่งมังกร,ถนนปิ่นเกล้า-นครชัยศรี (ถนนบรมราชชนนี),ถนนสวนผัก,14.00,0.86,1986-04-10,ตลิ่งชัน,สำนักการโยธา,กรุงเทพมหานคร
69,ถนน,ถนนเทพรักษ์,ถนนพหลโยธิน,คลองลำผักชี,34.45-75.10,0.385,2024-03-04,บางเขน,สำนักการโยธา,กรุงเทพมหานคร
69,ถนน,ถนนเทพรักษ์,คลองลำผักชี,คลองลำผักชี (ซอยเทพรักษ์ 42),40.00-50.00,1.7,2024-03-04,สายไหม,สำนักการโยธา,กรุงเทพมหานคร
69,ถนน,ถนนเทพรักษ์,คลองลำผักชี (ซอยเทพรักษ์ 42),จุดสิ้นสุดโครงการถนนเทพรักษ์,35.05-60.00,3.12,2024-03-04,บางเขน,สำนักการโยธา,กรุงเทพมหานคร
70,ถนน,ถนนเทศบาลสงเคราะห์ (ถนนประชานิเวศน์ 1),ถนนวิภาวดีรังสิต,คลองประปา,24.00,1.687,1994-03-22,จตุจักร,สำนักการโยธา,กรุงเทพมหานคร
71,ถนน,ถนนเทอดไท,ถนนอินทรพิทักษ์,คลองภาษีเจริญ,14.00,2.76,1984-08-20,ธนบุรี,สำนักการโยธา,กรุงเทพมหานคร
71,ถนน,ถนนเทอดไท,คลองด่าน,สุดพื้นที่เขต (คลองราชมนตรี),8.20-15.00,5.25,2011-01-19,ภาษีเจริญ,สำนักการโยธา,กรุงเทพมหานคร
71,ถนน,ถนนเทอดไท,ถนนสุขาภิบาล 1,บ้านเลขที่ 75 ม.6 (คลองราชมนตรี),12.00,2.65,1986-09-29,บางแค,สำนักการโยธา,กรุงเทพมหานคร
71,ถนน,ถนนเทอดไท,ถนนสุขาภิบาล 1,ถนนเทอดไท,9.00-12.00,6.07,1986-09-29,ภาษีเจริญ,สำนักการโยธา,กรุงเทพมหานคร
72,ถนน,ถนนนครไชยศรี,แม่น้ำเจ้าพระยา,ถนนสามเสน,17.00,0.4,1983-10-11,ดุสิต,สำนักการโยธา,กรุงเทพมหานคร
72,ถนน,ถนนนครไชยศรี,ถนนสามเสน,ถนนพระรามที่ 6,20.00,2.785,1983-10-11,"ดุสิต,พญาไท",สำนักการโยธา,กรุงเทพมหานคร
73,ถนน,ถนนนครปฐม,ถนนลูกหลวง,ถนนศรีอยุธยา,23.00,0.668,1983-10-11,ดุสิต,สำนักการโยธา,กรุงเทพมหานคร
74,ถนน,ถนนนครราชสีมา,ถนนลูกหลวง,ถนนนครไชยศรี,17.00,0.834,1983-10-11,ดุสิต,สำนักการโยธา,กรุงเทพมหานคร
75,ถนน,ถนนนครสวรรค์,สะพานผ่านฟ้าลีลาศ,ถนนจักรพรรดิพงษ์,21.00,0.44,1984-01-25,ป้อมปราบศัตรูพ่าย,สำนักการโยธา,กรุงเทพมหานคร
75,ถนน,ถนนนครสวรรค์,ถนนจักรพรรดิพงษ์,สะพานเทวกรรมรังรักษ์,21.00,0.4,1984-01-25,ป้อมปราบศัตรูพ่าย,สำนักการโยธา,กรุงเทพมหานคร
75,ถนน,ถนนนครสวรรค์,สะพานเทวกรรมรังรักษ์,พิษณุโลก,27.50,0.27,1984-01-25,ดุสิต,สำนักการโยธา,กรุงเทพมหานคร
76,ถนน,ถนนนนทรี,ถนนรัชดาภิเษก,สะพานข้ามคลองภูมิ (ถนนพระรามที่ 3),25.80,2.78,1999-09-13,ยานนาวา,สำนักการโยธา,กรุงเทพมหานคร
77,ถนน,ถนนนราธิวาสราชนครินทร์,ถนนสุรวงค์,ถนนสาทร,60.00,0.836,1996-09-13,บางรัก,สำนักการโยธา,กรุงเทพมหานคร
77,ถนน,ถนนนราธิวาสราชนครินทร์,ถนนสาทร,ถนนจันทน์ตัดใหม่,60.00,1.794,1996-09-13,สาทร,สำนักการโยธา,กรุงเทพมหานคร
77,ถนน,ถนนนราธิวาสราชนครินทร์,ถนนจันทน์ตัดใหม่,ถนนพระรามที่ 3,60.00,1.62,1996-09-13,ยานนาวา,สำนักการโยธา,กรุงเทพมหานคร
78,ถนน,ถนนนเรศ,ถนนสี่พระยา,ถนนสุรวงศ์,14.70-15.70,0.425,2010-07-30,บางรัก,สำนักการโยธา,กรุงเทพมหานคร
78,ถนน,ถนนนเรศ,ถนนสี่พระยา,ถนนสุรวงศ์,15.20,0.42,1985-06-25,บางรัก,สำนักการโยธา,กรุงเทพมหานคร
79,ถนน,ถนนนวมินทร์,ถนนเสรีไทย,คลองลำพังพวย,30.00-32.00,2.21,2017-11-22,บางกะปิ,สำนักการโยธา,กรุงเทพมหานคร
79,ถนน,ถนนนวมินทร์,คลองหลวงวิจิตร,ถนนรามอินทรา,30.00-31.00,0.6,2017-12-29,คันนายาว,สำนักการโยธา,กรุงเทพมหานคร
80,ถนน,ถนนนวลจันทร์,ถนนเกษตร-นวมินทร์,ถนนประดิษฐ์มนูธรรม,20.00,3.47,2005-05-20,บึงกุ่ม,สำนักการโยธา,กรุงเทพมหานคร
81,ถนน,ถนนนาคนิวาส,ซอยสังคมสงเคราะห์,ซอยสตรีวิทยา 2 (สี่แยกโรงไม้),20.00,3.045,2004-01-13,ลาดพร้าว,สำนักการโยธา,กรุงเทพมหานคร
82,ถนน,ถนนนางลิ้นจี่,ถนนเย็นอากาศ,นราธิวาสราชนครินทร์ 17 (ซอยอาคารสงเคราะห์),19.10-24.00,0.67,2010-05-04,สาทร,สำนักการโยธา,กรุงเทพมหานคร
82,ถนน,ถนนนางลิ้นจี่,ซอยอมร,สถานีสูบน้ำนางลิ้นจี่,18.90-23.00,0.995,2010-08-19,ยานนาวา,สำนักการโยธา,กรุงเทพมหานคร
83,ถนน,ถนนนาวงประชาพัฒนา,ถนนสรงประภาเดิม,คลองบ้านใหม่ (สุดเขตพื้นที่ กทม.),12.00-22.00,2.37,2005-08-19,ดอนเมือง,สำนักการโยธา,กรุงเทพมหานคร
84,ถนน,ถนนนิคมมักกะสัน,ถนนเพชรบุรี,ถนนราชปรารภ,17.40-20.40,1.565,1993-12-24,ราชเทวี,สำนักการโยธา,กรุงเทพมหานคร
85,ถนน,ถนนนิมิตใหม่,ถนนสุวินทวงศ์,สุดเขตกรุงเทพฯ,30.00,14.2,1986-10-08,"มีนบุรี,คลองสามวา",สำนักการโยธา,กรุงเทพมหานคร
86,ถนน,ถนนบรรทัดทอง,ถนนพระรามที่ 4,คลองมหานาค,20.00,1.575,1999-06-23,ปทุมวัน,สำนักการโยธา,กรุงเทพมหานคร
86,ถนน,ถนนบรรทัดทอง,คลองมหานาค,ถนนเพชรบุรี,22.00,0.58,1999-06-23,ราชเทวี,สำนักการโยธา,กรุงเทพมหานคร
87,ถนน,ถนนบริพัตร,ถนนดำรงค์รักษ์,ถนนบำรุงเมือง,15.50,0.4,1983-12-22,ป้อมปราบศัตรูพ่าย,สำนักการโยธา,กรุงเทพมหานคร
87,ถนน,ถนนบริพัตร,ถนนบำรุงเมือง,ถนนหลวง,14.50,0.4,1983-12-22,ป้อมปราบศัตรูพ่าย,สำนักการโยธา,กรุงเทพมหานคร
87,ถนน,ถนนบริพัตร,ถนนหลวง,ถนนเยาวราช,14.50,0.465,1983-12-22,ป้อมปราบศัตรูพ่าย,สำนักการโยธา,กรุงเทพมหานคร
87,ถนน,ถนนบริพัตร,ถนนเยาวราช,ถนนเจริญกรุง,13.90-14.50,0.23,2011-05-19,สัมพันธวงศ์,สำนักการโยธา,กรุงเทพมหานคร
88,ถนน,ถนนบวรนิเวศน์,ถนนพระสุเมรุ,ถนนตะนาว,24.00,0.14,1984-01-25,พระนคร,สำนักการโยธา,กรุงเทพมหานคร
89,ถนน,ถนนบางกระดี่,ถนนพระรามที่ 2,คลองสนามไชย,7.00-30.00,3.54,2005-01-26,บางขุนเทียน,สำนักการโยธา,กรุงเทพมหานคร
90,ถนน,ถนนบางขุนเทียน,ถนนเอกชัย,ถนนพระรามที่ 2 (ถนนธนบุรี-ปากท่อ),40.00,1.945,1985-07-04,บางบอน,สำนักการโยธา,กรุงเทพมหานคร
91,ถนน,ถนนบางขุนเทียนชายทะเล,ถนนพระรามที่ 2 (ถนนธนบุรี-ปากท่อ),ชายทะเล (คลองเชิงตาแพ),40.00,16.178,1985-07-04,บางขุนเทียน,สำนักการโยธา,กรุงเทพมหานคร
92,ถนน,ถนนบางขุนนนท์,ถนนจรัญสนิทวงศ์,สุดเขตทาง (คลองชักพระ),20.00,1.9,2005-04-12,บางกอกน้อย,สำนักการโยธา,กรุงเทพมหานคร
93,ถนน,ถนนบางแค-บางบอน (ถนนสุขาภิบาล 1),ถนนเพชรเกษม,คลองบางโคลัด,10.00-16.00,3.2,2003-08-15,บางแค,สำนักการโยธา,กรุงเทพมหานคร
94,ถนน,ถนนบางเชือกหนัง,ถนนพุทธมณฑลสาย 1,ถนนกาญจนาภิเษก,13.60-16.00,2.5,2005-03-04,ตลิ่งชัน,สำนักการโยธา,กรุงเทพมหานคร
95,ถนน,ถนนบางบอน 1 (ถนนบางบอน-บางแค),ถนนเอกชัย,คลองบางโคลัด,16.00,1.1,1985-05-10,บางบอน,สำนักการโยธา,กรุงเทพมหานคร
96,ถนน,ถนนบางบอน 2 (ซอยกาญจนาภิเษก 3),ถนนเอกชัย,คลองบางโคลัด,14.00,1.78,1985-05-10,บางบอน,สำนักการโยธา,กรุงเทพมหานคร
96,ถนน,ถนนบางบอน 2 (ซอยกาญจนาภิเษก 3),คลองบางโคลัด,คลองหนองใหญ่,8.00,0.7,1986-03-04,บางแค,สำนักการโยธา,กรุงเทพมหานคร
96,ถนน,ถนนบางบอน 2 (ซอยกาญจนาภิเษก 3),คลองหนองใหญ่,คลองภาษีเจริญ,9.50-16.00,2.31,2004-07-12,บางแค,สำนักการโยธา,กรุงเทพมหานคร
97,ถนน,ถนนบางบอน 2-3 (ซอยร่มไทร),ถนนบางบอน 3,บางบอน 2,8.50-12.00,1.88,2004-07-12,บางแค,สำนักการโยธา,กรุงเทพมหานคร
98,ถนน,ถนนบางบอน 3,ถนนเอกชัย,คลองบางโคลัด,20.00,2.29,1985-05-10,บางบอน,สำนักการโยธา,กรุงเทพมหานคร
98,ถนน,ถนนบางบอน 3,คลองภาษีเจริญ,คลองหนามแดง,12.40-16.00,2.25,2003-01-13,หนองแขม,สำนักการโยธา,กรุงเทพมหานคร
99,ถนน,ถนนบางบอน 4,ถนนเอกชัย,คลองหนามแดง,16.00,4,1985-07-04,บางบอน,สำนักการโยธา,กรุงเทพมหานคร
100,ถนน,ถนนบางบอน 5,ถนนเอกชัย,คลองหนามแดง,16.00,3.1,1985-07-04,บางบอน,สำนักการโยธา,กรุงเทพมหานคร
100,ถนน,ถนนบางบอน 5,คลองหนามแดง,ถนนเลียบคลองภาษีเจริญฝั่งใต้,14.50-16.00,2,2003-01-13,หนองแขม,สำนักการโยธา,กรุงเทพมหานคร
101,ถนน,ถนนบางพรม (ถนนวัดแก้ว-พุทธมณฑลสาย 1),ถนนวัดแก้ว,ถนนพุทธมณฑลสาย 1,14.00,0.295,1985-10-31,ตลิ่งชัน,สำนักการโยธา,กรุงเทพมหานคร
101,ถนน,ถนนบางพรม (ถนนวัดแก้ว-พุทธมณฑลสาย 1),ถนนพุทธมณฑลสาย 1,ถนนราชพฤกษ์,14.00-17.10,2.0206,2019-12-11,ตลิ่งชัน,สำนักการโยธา,กรุงเทพมหานคร
102,ถนน,ถนนบางระมาด,ถนนพุทธมณฑลสาย 1,ถนนกาญจนาภิเษก,12.70-16.00,2.54,2005-03-04,ตลิ่งชัน,สำนักการโยธา,กรุงเทพมหานคร
103,ถนน,ถนนบางแวก,คลองบางกอกใหญ่,สุดพื้นที่เขต (คลองลัดตากลั่น),15.00,5.5,2011-01-19,ภาษีเจริญ,สำนักการโยธา,กรุงเทพมหานคร
103,ถนน,ถนนบางแวก,คลองพระยาราชมนตรี,บ้านเลขที่ 4/1 ม.6,16.00-20.00,7.85,1986-09-29,บางแค,สำนักการโยธา,กรุงเทพมหานคร
104,ถนน,ถนนบำรุงเมือง,ถนนกรุงเกษม,ถนนจักรพรรดิ์พงษ์,18.50,0.912,1984-05-22,ป้อมปราบศัตรูพ่าย,สำนักการโยธา,กรุงเทพมหานคร
104,ถนน,ถนนบำรุงเมือง,ถนนจักรพรรดิ์พงษ์,ถนนมหาชัย,17.50,0.47,1984-06-28,ป้อมปราบศัตรูพ่าย,สำนักการโยธา,กรุงเทพมหานคร
104,ถนน,ถนนบำรุงเมือง,ถนนมหาไชย,โรงเรียนเทเวศร์วิทยาลัย,11.50,0.15,1984-06-28,พระนคร,สำนักการโยธา,กรุงเทพมหานคร
104,ถนน,ถนนบำรุงเมือง,โรงเรียนเทเวศร์วิทยาลัย,ตรอกไข่,12.00,0.05,1984-06-28,พระนคร,สำนักการโยธา,กรุงเทพมหานคร
104,ถนน,ถนนบำรุงเมือง,ตรอกไข่,ถนนศิริพงษ์,11.50,0.085,1984-06-28,พระนคร,สำนักการโยธา,กรุงเทพมหานคร
104,ถนน,ถนนบำรุงเมือง,ถนนศิริพงษ์,ถนนบ้านดินสอ,55.50,0.145,1984-06-28,พระนคร,สำนักการโยธา,กรุงเทพมหานคร
104,ถนน,ถนนบำรุงเมือง,ถนนบ้านดินสอ,ตรอกนาวา,8.50,0.082,1984-06-28,พระนคร,สำนักการโยธา,กรุงเทพมหานคร
104,ถนน,ถนนบำรุงเมือง,ตรอกนาวา,โรงแรมรื่นรมย์,10.00,0.126,1984-06-28,พระนคร,สำนักการโยธา,กรุงเทพมหานคร
104,ถนน,ถนนบำรุงเมือง,โรงแรมรื่นรมย์,ถนนตะนาว,10.00,0.1,1984-06-28,พระนคร,สำนักการโยธา,กรุงเทพมหานคร
104,ถนน,ถนนบำรุงเมือง,ถนนตะนาว,ถนนอัษฎางค์,17.50,0.225,1984-06-28,พระนคร,สำนักการโยธา,กรุงเทพมหานคร
105,ถนน,ถนนบุรีภิรมย์,หน้าวัดหนองจอก,ถนนเชื่อมสัมพันธ์,8.50,0.116,1984-10-05,หนองจอก,สำนักการโยธา,กรุงเทพมหานคร
105,ถนน,ถนนบุรีภิรมย์,ถนนเชื่อมสัมพันธ์,สะพานข้ามคลองแสนแสบ,11.00,0.162,1984-10-05,หนองจอก,สำนักการโยธา,กรุงเทพมหานคร
106,ถนน,ถนนบูรพา,ถนนพาหุรัด,ถนนเจริญกรุง,20.00,0.235,1983-12-22,พระนคร,สำนักการโยธา,กรุงเทพมหานคร
107,ถนน,ถนนแบริ่ง-ลาซาล,ถนนลาซาล,สุดเขตบางนา,24.60,0.817,2024-05-24,บางนา,สำนักการโยธา,กรุงเทพมหานคร
108,ถนน,ถนนประชาชื่น,ถนนประชาราษฎร์สาย 2,คลองบางเขน,28.00,5,1998-12-06,บางซื่อ,สำนักการโยธา,กรุงเทพมหานคร
109,ถนน,ถนนประชาธิปก,เชิงสะพานพุทธ,อนุสาวรีย์สมเด็จพระเจ้าตากสิน,39.50-40.50,1.248,1984-08-20,"คลองสาน,ธนบุรี",สำนักการโยธา,กรุงเทพมหานคร
110,ถนน,ถนนประชาธิปไตย,อนุสาวรีย์ประชาธิปไตย (คลองบางลำภู),ถนนกรุงเกษม,19.90,0.721,1999-07-30,พระนคร,สำนักการโยธา,กรุงเทพมหานคร
111,ถนน,ถนนประชาพัฒนา,ถนนหลวงแพ่ง,คลองประเวศบุรีรมย์ (ถนนประชาพัฒนา),7.00,0.17,1985-07-18,ลาดกระบัง,สำนักการโยธา,กรุงเทพมหานคร
111,ถนน,ถนนประชาพัฒนา,ถนนหลวงเพ่ง 1 (ซอยหลวงเพ่ง 1),คลองทับยาว (สุดระยะ),30.00,3.392,1985-08-16,ลาดกระบัง,สำนักการโยธา,กรุงเทพมหานคร
112,ถนน,ถนนประชาร่วมใจ,ถนนนิมิตใหม่,สุดเขตคลองสามวา,30.00,7,1986-10-08,"มีนบุรี,คลองสามวา",สำนักการโยธา,กรุงเทพมหานคร
113,ถนน,ถนนประชาราษฎร์บำเพ็ญ,ถนนรัชดาภิเษก,คลองห้วยขวาง,18.00,0.152,2004-07-12,ดินแดง,สำนักการโยธา,กรุงเทพมหานคร
113,ถนน,ถนนประชาราษฎร์บำเพ็ญ,ถนนรัชดาภิเษก,ทางเข้าหมู่บ้านภาณุช,9.60-16.00,1.48,2000-12-07,ห้วยขวาง,สำนักการโยธา,กรุงเทพมหานคร
114,ถนน,ถนนประชาราษฎร์สาย 1,ถนนสามเสน,สะพานพิบูลย์สงคราม,28.00,0.27,1999-07-02,ดุสิต,สำนักการโยธา,กรุงเทพมหานคร
114,ถนน,ถนนประชาราษฎร์สาย 1,สะพานพิบูลย์สงคราม,ถนนพิบูลย์สงคราม,25.00,3,1998-12-06,บางซื่อ,สำนักการโยธา,กรุงเทพมหานคร
115,ถนน,ถนนประชาราษฎร์สาย 2,แม่น้ำเจ้าพระยา,สะพานโรงปูน,25.00,1.774,1983-10-11,บางซื่อ,สำนักการโยธา,กรุงเทพมหานคร
116,ถนน,ถนนประชาสงเคราะห์,ถนนดินแดง,ถนนประชาสุขและถนนประชาราษฎร์บำเพ็ญ,19.00-25.00,3.688,2003-12-31,ดินแดง,สำนักการโยธา,กรุงเทพมหานคร
117,ถนน,ถนนประชาสำราญ,ถนนสกุลดี,สุดเขตกรุงเทพมหานคร,30.00,8.8,1984-10-05,หนองจอก,สำนักการโยธา,กรุงเทพมหานคร
118,ถนน,ถนนประชาสุข,ถนนสุทธิสารวินิจฉัย,ถนนประชาสงเคราะห์,11.50-16.50,1.24,2004-07-12,ดินแดง,สำนักการโยธา,กรุงเทพมหานคร
119,ถนน,ถนนประชาอุทิศ,ถนนสุขสวัสดิ์,บ้านเลขที่ 197,20.00-30.00,1.375,2001-03-04,ราษฎร์บูรณะ,สำนักการโยธา,กรุงเทพมหานคร
119,ถนน,ถนนประชาอุทิศ,บ้านเลขที่ 197,คลองปากลัดยานยนต์,29.00,0.39,2001-08-06,ราษฎร์บูรณะ,สำนักการโยธา,กรุงเทพมหานคร
119,ถนน,ถนนประชาอุทิศ,คลองปากลัดยานยนต์,คลองข้าง ร.ร.ขจรโรจน์,22.00,0.51,2001-08-06,ราษฎร์บูรณะ,สำนักการโยธา,กรุงเทพมหานคร
119,ถนน,ถนนประชาอุทิศ,สุดเขตพื้นที่ (คลองข้าง ร.ร.ขจรโรจน์),สุดเขตพื้นที่ (คลองบางจาก),20.00,6.7,2004-12-03,ทุ่งครุ,สำนักการโยธา,กรุงเทพมหานคร
120,ถนน,ถนนประชาอุทิศ,ถนนประชาราษฎร์บำเพ็ญ,คลองลาดพร้าว,9.00-21.00,1.3,2000-12-07,ห้วยขวาง,สำนักการโยธา,กรุงเทพมหานคร
120,ถนน,ถนนประชาอุทิศ,คลองลาดพร้าว,ถนนศรีวรา,19.00-21.00,1.1,2000-09-14,วังทองหลาง,สำนักการโยธา,กรุงเทพมหานคร
121,ถนน,ถนนประดิพัทธ์,สะพานแดง,ถนนเทอดดำริ,21.00,0.44,1984-05-22,ดุสิต,สำนักการโยธา,กรุงเทพมหานคร
121,ถนน,ถนนประดิพัทธ์,ถนนเทอดดำริ,ถนนพระรามที่ 6,21.00,0.294,1984-05-22,พญาไท,สำนักการโยธา,กรุงเทพมหานคร
121,ถนน,ถนนประดิพัทธ์,ถนนพระรามที่ 6,ถนนพหลโยธิน,22.00,1.074,1984-05-22,พญาไท,สำนักการโยธา,กรุงเทพมหานคร
122,ถนน,ถนนประดู่ 1,ถนนสาธุประดิษฐ์,ถนนรัชดาภิเษก,14.70,1.15,1999-09-13,ยานนาวา,สำนักการโยธา,กรุงเทพมหานคร
123,ถนน,ถนนประมวญ,ถนนสีลม,ถนนสาทรเหนือ,11.20-12.05,0.47,2010-07-30,บางรัก,สำนักการโยธา,กรุงเทพมหานคร
124,ถนน,ถนนปั้น,ถนนสีลม,สุดระยะบ้านเลขที่ 111 (ประภาดาสีลม),11.00-14.10,0.19,2010-07-30,บางรัก,สำนักการโยธา,กรุงเทพมหานคร
124,ถนน,ถนนปั้น,บ้านเลขที่ 111 (ประภาดาสีลม),ถนนสาทรเหนือ,12.30-1480.00,0.28,2010-07-30,บางรัก,สำนักการโยธา,กรุงเทพมหานคร
125,ถนน,ถนนผดุงพันธ์,ถนนสกุลดี,สุดเขตกรุงเทพมหานคร,15.00,3.778,1993-06-30,หนองจอก,สำนักการโยธา,กรุงเทพมหานคร
126,ถนน,ถนนพญาไท,ถนนพระรามที่ 4,ถนนพระรามที่ 1,33.50,1.463,1983-10-11,ปทุมวัน,สำนักการโยธา,กรุงเทพมหานคร
126,ถนน,ถนนพญาไท,ถนนพระรามที่ 1,ถนนเพชรบุรี,40.00,0.815,1983-10-11,"ราชเทวี,ปทุมวัน",สำนักการโยธา,กรุงเทพมหานคร
126,ถนน,ถนนพญาไท,ถนนเพชรบุรี,ทางรถไฟ,32.00,0.457,1983-10-11,ราชเทวี,สำนักการโยธา,กรุงเทพมหานคร
126,ถนน,ถนนพญาไท,ทางรถไฟ,อนุสาวรีย์ชัยสมรภูมิ,36.00,0.9,1983-10-11,ราชเทวี,สำนักการโยธา,กรุงเทพมหานคร
126,ถนน,ถนนพญาไท,ถนนพระรามที่ 4,ถนนพระรามที่ 1,33.45-34.00,1.46,2010-02-03,ปทุมวัน,สำนักการโยธา,กรุงเทพมหานคร
126,ถนน,ถนนพญาไท,ถนนพระรามที่ 1,คลองแสนแสบ (สุดพื้นที่เขต),34.00-34.80,0.3,2010-02-03,ปทุมวัน,สำนักการโยธา,กรุงเทพมหานคร
127,ถนน,ถนนพญาไม้,ถนนสมเด็จเจ้าพระยา,สุดเขตคลองสาน (สะพานสมเด็จพระพุทธยอดฟ้า),19.85-28.90,0.51,2004-02-05,คลองสาน,สำนักการโยธา,กรุงเทพมหานคร
128,ถนน,ถนนพรมแดน (ซอยเอกชัย 131),ทางรถไฟสาย วงเวียนใหญ่-มหาชัย,ถนนเอกชัย,30.00,1.105,1985-05-10,บางบอน,สำนักการโยธา,กรุงเทพมหานคร
128,ถนน,ถนนพรมแดน (ซอยเอกชัย 131),ถนนเอกชัย,คลองระหาญ,13.00-33.90,2.1,2024-03-05,บางบอน,สำนักการโยธา,กรุงเทพมหานคร
129,ถนน,ถนนพระจันทร์,ถนนหน้าพระธาตุ,แม่น้ำเจ้าพระยา,16.50,0.343,1983-12-22,พระนคร,สำนักการโยธา,กรุงเทพมหานคร
130,ถนน,ถนนพระพิทักษ์,ถนนอัษฎางค์,ถนนบ้านหม้อ,13.50,0.09,1984-01-25,พระนคร,สำนักการโยธา,กรุงเทพมหานคร
131,ถนน,ถนนพระพิพิธ,ถนนสนามไชย,สะพานอุบลรัตน์,20.00,0.2,1983-10-11,พระนคร,สำนักการโยธา,กรุงเทพมหานคร
132,ถนน,ถนนพระยาสุเรนทร์,ถนนรามอินทรา,วัดพระยาพิเรนทร์,30.00,7.285,1985-09-12,"มีนบุรี,คลองสามวา",สำนักการโยธา,กรุงเทพมหานคร
133,ถนน,ถนนพระรามที่ 1,สะพานกษัตริย์ศึก,ถนนราชดำริ,24.50-29.50,2.826,1984-01-25,ปทุมวัน,สำนักการโยธา,กรุงเทพมหานคร
134,ถนน,พระรามที่ 2 ซอย 50 (วัดกำแพง),ถนนพระรามที่ 2 (ถนนธนบุรี-ปากท่อ),วัดกำแพง,16.00,1.5,1985-07-04,บางขุนเทียน,สำนักการโยธา,กรุงเทพมหานคร
135,ถนน,พระรามที่ 2 ซอย 82 (ซอยรางโพธิ์),ถนนพระรามที่ 2 (ถนนธนบุรี-ปากท่อ),เขตทางรถไฟ,16.00,0.4,1985-05-10,บางขุนเทียน,สำนักการโยธา,กรุงเทพมหานคร
136,ถนน,พระรามที่ 2 ซอย 100 (ถนนเข้าโรงเรียนพรมแดน),ถนนพระรามที่ 2 (ถนนธนบุรี-ปากท่อ),ทางรถไฟสาย วงเวียนใหญ่-มหาชัย,30.00,1.1,1985-05-10,บางขุนเทียน,สำนักการโยธา,กรุงเทพมหานคร
137,ถนน,ถนนพระรามที่ 3,สี่แยกถนนตก,สะพานพระราม 9,50.00,2.75,2002-03-07,บางคอแหลม,สำนักการโยธา,กรุงเทพมหานคร
137,ถนน,ถนนพระรามที่ 3,ถนนรัชดาภิเษก,ถนนนางลิ้นจี่,50.00-57.10,6,2010-08-19,ยานนาวา,สำนักการโยธา,กรุงเทพมหานคร
137,ถนน,ถนนพระรามที่ 3,ถนนสุนทรโกษา,สุดเขตพื้นที่,50.00-59.00,0.6,2004-06-28,คลองเตย,สำนักการโยธา,กรุงเทพมหานคร
138,ถนน,ถนนพระรามที่ 4,ถนนเจริญกรุง,สะพานเจริญสวัสดิ์,17.00-17.10,0.4,2011-05-19,สัมพันธวงศ์,สำนักการโยธา,กรุงเทพมหานคร
138,ถนน,ถนนพระรามที่ 4,ถนนเจริญกรุง,สะพานเจริญสวัสดิ์,16.00,0.457,1984-05-22,ป้อมปราบศัตรูพ่าย,สำนักการโยธา,กรุงเทพมหานคร
138,ถนน,ถนนพระรามที่ 4,สะพานเจริญสวัสดิ์ (ถนนมหาพฤฒาราม),ถนนสาทรเหนือ,16.00-53.50,3.775,1984-05-22,บางรัก,สำนักการโยธา,กรุงเทพมหานคร
138,ถนน,ถนนพระรามที่ 4,สะพานเจริญสวัสดิ์,ทางรถไฟ,40.00-53.50,4.297,1984-05-22,ปทุมวัน,สำนักการโยธา,กรุงเทพมหานคร
138,ถนน,ถนนพระรามที่ 4,ทางรถไฟ,ถนนสุขุมวิท,29.00-43.50,4.656,1984-05-22,คลองเตย,สำนักการโยธา,กรุงเทพมหานคร
139,ถนน,ถนนพระรามที่ 5,ถนนลูกหลวง,ถนนประดิพัทธ์,24.50,4.03,1999-07-02,ดุสิต,สำนักการโยธา,กรุงเทพมหานคร
140,ถนน,ถนนพระรามที่ 6,ถนนเตชะวณิช,ถนนเทอดดำริห์,14.70-15.20,0.421,2001-06-13,ดุสิต,สำนักการโยธา,กรุงเทพมหานคร
140,ถนน,ถนนพระรามที่ 6,สะพานทางรถไฟ,ถนนประดิพัทธ์,34.50-37.00,0.641,1994-10-18,พญาไท,สำนักการโยธา,กรุงเทพมหานคร
140,ถนน,ถนนพระรามที่ 6,ถนนประดิพัทธ์,ถนนราชวิถี,27.80-36.50,2.599,1994-10-18,"พญาไท,ราชเทวี",สำนักการโยธา,กรุงเทพมหานคร
140,ถนน,ถนนพระรามที่ 6,ถนนราชวิถี,ถนนศรีอยุธยา,36.70-47.50,0.834,1994-10-18,ราชเทวี,สำนักการโยธา,กรุงเทพมหานคร
140,ถนน,ถนนพระรามที่ 6,ถนนศรีอยุธยา,ถนนเพชรบุรี,38.70,0.621,1994-10-18,ราชเทวี,สำนักการโยธา,กรุงเทพมหานคร
140,ถนน,ถนนพระรามที่ 6,ถนนเพชรบุรี,ถนนพระรามที่ 1,20.00,0.92,1994-10-18,"ราชเทวี,ปทุมวัน",สำนักการโยธา,กรุงเทพมหานคร
141,ถนน,ถนนพระสุเมรุ,ถนนราชดำเนินกลาง (ถนนพระอาทิตย์),ถนนพระอาทิตย์ (ถนนราชดำเนินกลาง),18.50,1.36,1984-01-25,พระนคร,สำนักการโยธา,กรุงเทพมหานคร
142,ถนน,ถนนพระอาทิตย์,ถนนพระสุเมรุ,ถนนราชินี,18.50,0.555,1984-01-25,พระนคร,สำนักการโยธา,กรุงเทพมหานคร
143,ถนน,ถนนพรานนก,ถนนจรัญสนิทวงศ์,ท่าน้ำศิริราช,16.60-29.60,1.89,2010-06-14,บางกอกน้อย,สำนักการโยธา,กรุงเทพมหานคร
144,ถนน,ถนนพรานนก-พุทธมณฑล สาย 4,คลองลัดวัดใหม่,คลองบางขุนศรี,60.00-60.20,3.027,2024-03-05,ตลิ่งชัน,สำนักการโยธา,กรุงเทพมหานคร
144,ถนน,ถนนพรานนก-พุทธมณฑล สาย 4,ถนนกาญจนาภิเษก,คลองลัดวัดใหม่,53.10-72.90,2.84,2024-03-05,ตลิ่งชัน,สำนักการโยธา,กรุงเทพมหานคร
145,ถนน,ถนนพลับพลาไชย,ถนนเจริญกรุง,ถนนสันติภาพ,20.00,0.065,1985-04-25,ป้อมปราบศัตรูพ่าย,สำนักการโยธา,กรุงเทพมหานคร
145,ถนน,ถนนพลับพลาไชย,ถนนสันติภาพ,ถนนบำรุงเมือง,21.40,3.937,1985-04-25,ป้อมปราบศัตรูพ่าย,สำนักการโยธา,กรุงเทพมหานคร
146,ถนน,ถนนพ่วงศิริ,สี่แยกหน้าเขตบางกะปิ,ถนนรามคำแหง,17.70,0.18,2001-03-04,บางกะปิ,สำนักการโยธา,กรุงเทพมหานคร
147,ถนน,ถนนพหลโยธิน,อนุสาวรีย์ชัยสมรภูมิ,"พหลโยธิน 7 (ซ.อารีย์,สะพานคลองสามเสน)",32.00,1.74,1985-01-31,"พญาไท,ราชเทวี",สำนักการโยธา,กรุงเทพมหานคร
147,ถนน,ถนนพหลโยธิน,"พหลโยธิน 7 (ซ.อารีย์,สะพานคลองสามเสน)",พหลโยธิน 13,32.00,0.47,1985-01-31,พญาไท,สำนักการโยธา,กรุงเทพมหานคร
147,ถนน,ถนนพหลโยธิน,พหลโยธิน 13,ถนนประดิพัทธ์,32.00,0.162,1985-01-31,พญาไท,สำนักการโยธา,กรุงเทพมหานคร
147,ถนน,ถนนพหลโยธิน,ถนนประดิพัทธ์,ถนนกำแพงเพชร (คลองบางซื่อ),32.00,0.99,1985-01-31,พญาไท,สำนักการโยธา,กรุงเทพมหานคร
147,ถนน,ถนนพหลโยธิน,ถนนกำแพงเพชร (คลองบางซื่อ),ถนนวิภาวดีรังสิต,32.00,1.43,1985-01-31,จตุจักร,สำนักการโยธา,กรุงเทพมหานคร
147,ถนน,ถนนพหลโยธิน,ถนนวิภาวดีรังสิต,โรงเรียนหอวัง,32.00,1.05,1985-01-31,จตุจักร,สำนักการโยธา,กรุงเทพมหานคร
147,ถนน,ถนนพหลโยธิน,โรงเรียนหอวัง,พหลโยธิน 32 (ซอยเสนานิคม 1),32.00,2.098,1985-01-31,จตุจักร,สำนักการโยธา,กรุงเทพมหานคร
147,ถนน,ถนนพหลโยธิน,พหลโยธิน 32 (ซอยเสนานิคม 1),ถนนวามวงศ์วาน,32.00,0.705,1985-01-31,จตุจักร,สำนักการโยธา,กรุงเทพมหานคร
147,ถนน,ถนนพหลโยธิน,ถนนวามวงศ์วาน,พหลโยธิน 42 (ซอยสุรางค์),32.00,0.0911,1985-01-31,จตุจักร,สำนักการโยธา,กรุงเทพมหานคร
147,ถนน,ถนนพหลโยธิน,พหลโยธิน 42 (ซอยสุรางค์),เชิงสะพานบางบัว,32.00,1.613,1985-01-31,จตุจักร,สำนักการโยธา,กรุงเทพมหานคร
147,ถนน,ถนนพหลโยธิน,คลองบางบัว,หน้าฌาปณสถานทองทัพอากาศ,33.80-34.90,1.651,2018-02-09,บางเขน,สำนักการโยธา,กรุงเทพมหานคร
147,ถนน,ถนนพหลโยธิน,สะพานลอยหน้าห้างเทสโก้โลตัสหลักสี่,คลองถนน,31.64-33.52,2.457,2018-02-09,บางเขน,สำนักการโยธา,กรุงเทพมหานคร
147,ถนน,ถนนพหลโยธิน,คลองถนน,แยกโรงเรียนนายเรืออากาศ,29.35-63.95,2.95,2018-04-03,ดอนเมือง,สำนักการโยธา,กรุงเทพมหานคร
148,ถนน,ถนนพัฒนา,ถนนพุทธมณฑลสาย 1,สุดเขตทาง (วัดศิริวัฒนาราม),16.00,1.25,2005-03-04,ตลิ่งชัน,สำนักการโยธา,กรุงเทพมหานคร
149,ถนน,ถนนพัฒนาการ,ถนนเพชรบุรี (สี่แยกคลองตัน),คลองบึงบ้านม้า,30.00,5.75,1999-02-16,สวนหลวง,สำนักการโยธา,กรุงเทพมหานคร
149,ถนน,ถนนพัฒนาการ,คลองบึงบ้านม้า,ถนนสุขุมวิท 77 (อ่อนนุช),30.90,2,1999-02-16,ประเวศ,สำนักการโยธา,กรุงเทพมหานคร
150,ถนน,ถนนพัฒนาชนบท 3,ถนนร่มเกล้า (ถนนร่มเกล้า 1),สถานีอนามัยคลองสองต้นนุ่น (สุดระยะ),30.00,3.232,1985-08-16,ลาดกระบัง,สำนักการโยธา,กรุงเทพมหานคร
151,ถนน,ถนนพัฒนาชนบท 4,ถนนร่มเกล้า 1,สุดระยะ (บ.ฮอนด้าประเทศไทย จำกัด),30.00,2.468,2006-01-13,ลาดกระบัง,สำนักการโยธา,กรุงเทพมหานคร
152,ถนน,ถนนพาหุรัด,ถนนจักรเพชร,ถนนบ้านหม้อ,19.50,0.525,1984-01-25,พระนคร,สำนักการโยธา,กรุงเทพมหานคร
153,ถนน,ถนนพิชัย,ถนนราชวิถี,ถนนนครไชยศรี,18.00,0.552,1983-10-11,ดุสิต,สำนักการโยธา,กรุงเทพมหานคร
153,ถนน,ถนนพิชัย,ถนนนครไชยศรี,ถนนอำนวยสงคราม,19.50,0.3,1983-10-11,ดุสิต,สำนักการโยธา,กรุงเทพมหานคร
154,ถนน,ถนนพิบูลสงคราม,แยกพิบูลสงคราม,สุดเขตกรุงเทพมหานคร,29.70-32.20,1.1,2004-07-12,บางซื่อ,สำนักการโยธา,กรุงเทพมหานคร
155,ถนน,ถนนพิษณุโลก,ถนนสามเสน,ถนนนครราชสีมา,27.50,0.45,1984-05-22,ดุสิต,สำนักการโยธา,กรุงเทพมหานคร
155,ถนน,ถนนพิษณุโลก,ถนนนครราชสีมา,ถนนราชดำเนินนอก,31.50,0.395,1984-05-22,ดุสิต,สำนักการโยธา,กรุงเทพมหานคร
155,ถนน,ถนนพิษณุโลก,ถนนราชดำเนินนอก,ถนนพระรามที่ 5,24.50,0.4,1984-05-22,ดุสิต,สำนักการโยธา,กรุงเทพมหานคร
155,ถนน,ถนนพิษณุโลก,ถนนพระรามที่ 5,ถนนสวรรคโลก,31.50,1.015,1984-05-22,ดุสิต,สำนักการโยธา,กรุงเทพมหานคร
156,ถนน,ถนนพุทธบูชา,ถนนพระรามที่ 2,แนวลำรางสาธารณะ (สุดพื้นที่เขต),13.80-15.10,2.5,2003-01-31,จอมทอง,สำนักการโยธา,กรุงเทพมหานคร
156,ถนน,ถนนพุทธบูชา,สุดเขตพื้นที่,ถนนประชาอุทิศ,15.30-20.00,3.7,2004-12-03,ทุ่งครุ,สำนักการโยธา,กรุงเทพมหานคร
157,ถนน,ถนนพุทธมณฑลสาย 1 (สายใหม่),ถนนเพชรเกษม,คลองบางเชือกหนัง,50.00,4.48,2017-11-22,ภาษีเจริญ,สำนักการโยธา,กรุงเทพมหานคร
158,ถนน,ถนนพุทธมณฑลสาย 2,ถนนเพชรเกษม,เขตทางรถไฟ (คลองบางเชือกหนัง),50.00,9.9,1986-02-10,บางแค,สำนักการโยธา,กรุงเทพมหานคร
158,ถนน,ถนนพุทธมณฑลสาย 2,สุดเขตพื้นที่ (คลองบางเชือกหนัง),ทางรถไฟสายใต้,50.00,5.4,2011-10-13,ทวีวัฒนา,สำนักการโยธา,กรุงเทพมหานคร
159,ถนน,ถนนพุทธมณฑลสาย 3,ถนนเพชรเกษม,คลองทวีวัฒนา,50.00,2.2,2003-03-13,หนองแขม,สำนักการโยธา,กรุงเทพมหานคร
159,ถนน,ถนนพุทธมณฑลสาย 3,คลองทวีวัฒนา,คลองบางเชือกหนัง,50.00,3,2003-08-15,บางแค,สำนักการโยธา,กรุงเทพมหานคร
159,ถนน,ถนนพุทธมณฑลสาย 3,คลองบางเชือกหนัง,ทางรถไฟสายใต้,50.00,5.15,2003-11-21,ทวีวัฒนา,สำนักการโยธา,กรุงเทพมหานคร
160,ถนน,ถนนเพชรเกษม,สะพานเนาวจำเนียร,คลองวัดประดู่ (สะพานบางไผ่),40.00,3.197,1984-12-24,บางกอกใหญ่,สำนักการโยธา,กรุงเทพมหานคร
160,ถนน,ถนนเพชรเกษม,คลองบางกอกใหญ่,สุดพื้นที่เขต (คลองราชมนตรี),40.00,4.75,2011-01-19,ภาษีเจริญ,สำนักการโยธา,กรุงเทพมหานคร
160,ถนน,ถนนเพชรเกษม,เพชรเกษม 58 (ซ.เกษมสุข) (คลองราชมนตรี),สุดเขตกรุงเทพมหานคร (คลองทวีวัฒนา),40.00-50.00,10.569,1984-12-24,บางแค,สำนักการโยธา,กรุงเทพมหานคร
160,ถนน,ถนนเพชรเกษม,บ้านเลขที่ 186 ม.3,สุดเขต กทม.,50.00,6.075,1984-12-24,หนองแขม,สำนักการโยธา,กรุงเทพมหานคร
161,ถนน,ถนนเพชรบุรี,สะพานยมราช,ถนนพระรามที่ 6,22.50,0.24,1984-05-22,ราชเทวี,สำนักการโยธา,กรุงเทพมหานคร
161,ถนน,ถนนเพชรบุรี,ถนนพระรามที่ 6,ถนนพญาไท,32.50,0.94,1984-05-22,ราชเทวี,สำนักการโยธา,กรุงเทพมหานคร
161,ถนน,ถนนเพชรบุรี,ถนนพญาไท,เพชรบุรี 11 (ซอยสมประสงค์ 1),34.00,0.56,1984-05-22,ราชเทวี,สำนักการโยธา,กรุงเทพมหานคร
162,ถนน,ถนนเพชรบุรีตัดใหม่,เพชรบุรี 11 (ซอยสมประสงค์ 1),คลองบางกะปิ,31.00,3.791,1984-05-22,ห้วยขวาง,สำนักการโยธา,กรุงเทพมหานคร
162,ถนน,ถนนเพชรบุรีตัดใหม่,คลองบางกะปิ,สี่แยกคลองตัน,32.00,3.5,1984-05-22,"ห้วยขวาง,สวนหลวง",สำนักการโยธา,กรุงเทพมหานคร
163,ถนน,ถนนเพชรพระราม (ถนนเลียบคลองแสนแสบ),ถนนพระราม 9,ถนนเพชรบุรี,29.54-30.00,0.8,2005-02-11,ห้วยขวาง,สำนักการโยธา,กรุงเทพมหานคร
164,ถนน,ถนนเพชรอุทัย (ถนนเลียบคลองบางกะปิ),ถนนเพชรบุรี,ถนนพระราม 9,30.00,8.52,1993-05-20,ห้วยขวาง,สำนักการโยธา,กรุงเทพมหานคร
165,ถนน,ถนนเพลินจิต,ถนนราชดำริ,ทางรถไฟ,29.00,1.123,1984-01-25,ปทุมวัน,สำนักการโยธา,กรุงเทพมหานคร
166,ถนน,ถนนโพธิ์แก้ว,ถนนนวมินทร์ (สุขาภิบาล 1),คลองตาหนัง (สุดพื้นที่เขต),20.00,0.91,2005-08-19,บึงกุ่ม,สำนักการโยธา,กรุงเทพมหานคร
166,ถนน,ถนนโพธิ์แก้ว,คลองตาหนัง (สุดพื้นที่เขต),ซอยลาดพร้าว 101,20.00,1.515,2005-04-12,บางกะปิ,สำนักการโยธา,กรุงเทพมหานคร
167,ถนน,ถนนเฟื่องนคร,ถนนเจริญกรุง,ถนนบำรุงเมือง,14.20-20.00,0.46,2005-08-19,พระนคร,สำนักการโยธา,กรุงเทพมหานคร
168,ถนน,ถนนมหรรณพ,ถนนดินสอ,ถนนตะนาว,16.00,0.28,1984-01-25,พระนคร,สำนักการโยธา,กรุงเทพมหานคร
169,ถนน,ถนนมหาไชย,ถนนราชดำเนินกลาง,คลองสะพานถ่าน,21.50,0.92,1984-01-25,พระนคร,สำนักการโยธา,กรุงเทพมหานคร
169,ถนน,ถนนมหาไชย,คลองสะพานถ่าน,ถนนเยาวราช,22.50,0.316,1984-01-25,พระนคร,สำนักการโยธา,กรุงเทพมหานคร
170,ถนน,ถนนมหานคร,ถนนพระรามที่ 4,ถนนสี่พระยา,20.00-20.20,0.655,2010-07-30,บางรัก,สำนักการโยธา,กรุงเทพมหานคร
170,ถนน,ถนนมหานคร,ถนนพระรามที่ 4,ถนนสี่พระยา,19.30,0.7,1985-06-25,บางรัก,สำนักการโยธา,กรุงเทพมหานคร
171,ถนน,ถนนมหาพฤฒาราม,ถนนพระรามที่ 4,ถนนเจริญกรุง,20.20,0.667,2010-07-30,บางรัก,สำนักการโยธา,กรุงเทพมหานคร
171,ถนน,ถนนมหาพฤฒาราม,ถนนพระรามที่ 4,ถนนเจริญกรุง,19.50,0.64,1985-06-25,บางรัก,สำนักการโยธา,กรุงเทพมหานคร
172,ถนน,ถนนมหาราช,ถนนพระจันทร์,ถนนหน้าพระลาน,17.00,0.42,1983-12-22,พระนคร,สำนักการโยธา,กรุงเทพมหานคร
172,ถนน,ถนนมหาราช,ถนนหน้าพระลาน,ถนนท้ายวัง,23.50,0.68,1983-12-22,พระนคร,สำนักการโยธา,กรุงเทพมหานคร
172,ถนน,ถนนมหาราช,ถนนท้ายวัง,ถนนสนามไชย,18.00,0.56,1983-12-22,พระนคร,สำนักการโยธา,กรุงเทพมหานคร
173,ถนน,ถนนมหาเศรษฐ์,ถนนสี่พระยา,ถนนสุรวงค์,20.00-20.30,0.498,2024-03-04,บางรัก,สำนักการโยธา,กรุงเทพมหานคร
174,ถนน,ถนนมเหศักดิ์,ถนนสุรวงศ์,ถนนสีลม,16.44,0.3,2010-02-03,บางรัก,สำนักการโยธา,กรุงเทพมหานคร
175,ถนน,ถนนมไหสวรรย์,ถนนสมเด็จพระเจ้าตากสิน,ถนนเจริญนคร,39.00,0.33,1984-08-20,ธนบุรี,สำนักการโยธา,กรุงเทพมหานคร
175,ถนน,ถนนมไหสวรรย์,สะพานกรุงเทพ,สี่แยกถนนตก,40.00-42.00,0.35,2002-03-07,บางคอแหลม,สำนักการโยธา,กรุงเทพมหานคร
176,ถนน,ถนนมาเจริญ (ซอยเพชรเกษม 81),ถนนเพชรเกษม,คลองภาษีเจริญ,16.00,3.069,1985-01-30,หนองแขม,สำนักการโยธา,กรุงเทพมหานคร
177,ถนน,ถนนมิตรพันธ์,ถนนกรุงเกษม,ถนนเจริญกรุง,15.50,0.69,1984-05-22,ป้อมปราบศัตรูพ่าย,สำนักการโยธา,กรุงเทพมหานคร
177,ถนน,ถนนมิตรพันธ์,ถนนเจริญกรุง,สะพานนพวงศ์,15.80,0.69,1985-04-25,ป้อมปราบศัตรูพ่าย,สำนักการโยธา,กรุงเทพมหานคร
178,ถนน,ถนนมิตรภาพไทย-จีน,ถนนพระรามที่ 4,ถนนเจริญกรุง,16.00,0.225,2009-06-22,สัมพันธวงศ์,สำนักการโยธา,กรุงเทพมหานคร
179,ถนน,ถนนมิตรไมตรี (เขตดินแดง),ถนนดินแดง,ถนนวิภาวดีรังสิตและถนนประชาสงเคราะห์,16.70-39.40,1.648,2003-12-31,ดินแดง,สำนักการโยธา,กรุงเทพมหานคร
180,ถนน,ถนนมิตรไมตรี (เขตหนองจอก),ถนนประชาร่วมใจ,สุดระยะ 6.515 กม.,30.00,6.515,1985-08-16,หนองจอก,สำนักการโยธา,กรุงเทพมหานคร
181,ถนน,ถนนมิตรไมตรี 1,ถนนมิตรไมตรี,หลังสนามกีฬาไทย - ญี่ปุ่น ดินแดง,13.00-15.00,0.709,2000-06-28,ดินแดง,สำนักการโยธา,กรุงเทพมหานคร
182,ถนน,ถนนมิตรไมตรี 2,ถนนมิตรไมตรี,ถนนมิตรไมตรี 3,10.50-14.00,0.401,2000-06-28,ดินแดง,สำนักการโยธา,กรุงเทพมหานคร
183,ถนน,ถนนมิตรไมตรี 3,ถนนมิตรไมตรี,ถนนประชาสงเคราะห์,11.00-13.00,0.36,2000-06-28,ดินแดง,สำนักการโยธา,กรุงเทพมหานคร
183,ถนน,ถนนมิตรไมตรี 3,ถนนมิตรไมตรี 2,ถนนประชาสงเคราะห์,6.20-14.50,0.29,2000-06-28,ดินแดง,สำนักการโยธา,กรุงเทพมหานคร
184,ถนน,ถนนมีนพัฒนา,ถนนรามคำแหง,ถนนเสรีไทย,32.00,0.687,1999-10-15,มีนบุรี,สำนักการโยธา,กรุงเทพมหานคร
185,ถนน,ถนนไมตรีจิต,ถนนนิมิตรใหม่,คลองเก้า (สุดพื้นที่เขต),10.00-30.00,5.6,2005-06-17,คลองสามวา,สำนักการโยธา,กรุงเทพมหานคร
186,ถนน,ถนนไมตรีจิตต์,ถนนพระรามที่ 4,วงเวียน 22 กรกฎา,16.00,0.476,1984-06-28,ป้อมปราบศัตรูพ่าย,สำนักการโยธา,กรุงเทพมหานคร
186,ถนน,ถนนไมตรีจิตต์,วงเวียน 22 กรกฎา,ถนนหลวง,16.00,0.429,1984-06-28,ป้อมปราบศัตรูพ่าย,สำนักการโยธา,กรุงเทพมหานคร
187,ถนน,ถนนยานนาวา,ถนนสาธุประดิษฐ์,ถนนพระรามที่ 3,29.10-32.25,1.85,2024-06-28,ยานนาวา,สำนักการโยธา,กรุงเทพมหานคร
188,ถนน,ถนนยุคล 2,ถนนบำรุงเมือง,ถนนหลวง,19.50,0.4,1983-12-22,ป้อมปราบศัตรูพ่าย,สำนักการโยธา,กรุงเทพมหานคร
189,ถนน,ถนนเย็นจิต,ถนนจันทน์,วัดปรก 1,17.00,0.59,1999-08-05,สาทร,สำนักการโยธา,กรุงเทพมหานคร
190,ถนน,ถนนเย็นอากาศ,ถนนนางลิ้นจี่,ซอยศรีบำเพ็ญ (สุดพื้นที่เขต),10.10-10.80,1.24,2010-08-19,ยานนาวา,สำนักการโยธา,กรุงเทพมหานคร
190,ถนน,ถนนเย็นอากาศ,ถนนนางลิ้นจี่,ซอยศรีบำเพ็ญ,8.00-8.50,1.08,1985-01-31,สาทร,สำนักการโยธา,กรุงเทพมหานคร
191,ถนน,ถนนเยาวราช,วงเวียนโอเดียน,ถนนราชวงศ์,16.50,0.891,1984-06-28,สัมพันธวงศ์,สำนักการโยธา,กรุงเทพมหานคร
191,ถนน,ถนนเยาวราช,ซุ้มประตูเฉลิมพระเกียรติฯ,สุดพื้นที่เขต (คลองผดุงกรุงเกษม),20.80-24.90,1.432,2011-05-19,สัมพันธวงศ์,สำนักการโยธา,กรุงเทพมหานคร
191,ถนน,ถนนเยาวราช,ถนนราชวงศ์,ถนนจักรวรรดิ์,23.50,0.343,1984-06-28,สัมพันธวงศ์,สำนักการโยธา,กรุงเทพมหานคร
191,ถนน,ถนนเยาวราช,ถนนจักรวรรดิ์,ถนนจักรเพชร,20.00,0.198,1984-06-28,"พระนคร,สัมพันธวงศ์",สำนักการโยธา,กรุงเทพมหานคร
192,ถนน,ถนนโยธินพัฒนา,ถนนประดิษฐ์มนูธรรม,ถนนประดิษฐ์มนูธรรม,19.50-19.90,1.01,2018-04-05,บางกะปิ,สำนักการโยธา,กรุงเทพมหานคร
192,ถนน,ถนนโยธินพัฒนา,ซอยนาคนิวาส 16 (ซอยสหกรณ์ 1),ถนนประดิษฐ์มนูธรรม,17.65-20.25,0.687,2023-12-19,ลาดพร้าว,สำนักการโยธา,กรุงเทพมหานคร
192,ถนน,ถนนโยธินพัฒนา,ถนนประดิษฐ์มนูธรรม 23,ถนนประดิษฐ์มนูธรรม 25,17.55-24.15,0.438,2023-12-19,ลาดพร้าว,สำนักการโยธา,กรุงเทพมหานคร
193,ถนน,ถนนโยธี,ถนนพระรามที่ 6,ถนนพญาไท,16.00,1.05,1983-10-11,ราชเทวี,สำนักการโยธา,กรุงเทพมหานคร
194,ถนน,ถนนร่มเกล้า 1,ถนนคู่ขนานมอเตอร์เวย์ กรุงเทพ-ชลบุรี,ถนนพัฒนาชนบท 3,12.00-15.00,2.752,2006-01-13,ลาดกระบัง,สำนักการโยธา,กรุงเทพมหานคร
195,ถนน,ถนนร่วมจิตต์,ถนนนครไชยศรี,ถนนอำนวยสงคราม,17.00,0.5,2001-06-13,ดุสิต,สำนักการโยธา,กรุงเทพมหานคร
196,ถนน,ถนนร่วมพัฒนา (ถนนขุมทอง-ลำต้อยติ่ง),ถนนหลวงแพ่ง,คลองประเวศบุรีรมย์ (สุดระยะ),30.00,0.24,1985-07-18,ลาดกระบัง,สำนักการโยธา,กรุงเทพมหานคร
196,ถนน,ถนนร่วมพัฒนา (ถนนขุมทอง-ลำต้อยติ่ง),ถนนสุวินทวงศ์,คลองลำตาอิน,30.00,6.25,1985-08-16,หนองจอก,สำนักการโยธา,กรุงเทพมหานคร
196,ถนน,ถนนร่วมพัฒนา (ถนนขุมทอง-ลำต้อยติ่ง),คลองลำตาอิน,เขตทางรถไฟ,30.00,3.12,1985-07-18,ลาดกระบัง,สำนักการโยธา,กรุงเทพมหานคร
196,ถนน,ถนนร่วมพัฒนา (ถนนขุมทอง-ลำต้อยติ่ง),เขตทางรถไฟ,คลองประเวศบุรีรมย์,30.00,2.2,1985-07-18,ลาดกระบัง,สำนักการโยธา,กรุงเทพมหานคร
197,ถนน,ถนนรองเมือง,ถนนพระรามที่ 1,ถนนพระรามที่ 4,10.90-19.30,1.212,2010-09-09,ปทุมวัน,สำนักการโยธา,กรุงเทพมหานคร
198,ถนน,ถนนรอบวงเวียนใหญ่,ถนนอินทรพิทักษ์,ถนนอินทรพิทักษ์,25.00-27.00,0.47,2023-12-21,"คลองสาน,ธนบุรี",สำนักการโยธา,กรุงเทพมหานคร
199,ถนน,ถนนรัชดาภิเษก,ถนนอโศก-ดินแดง (ถนนพระราม 9),ถนนประชาราษฎร์บำเพ็ญ,40.00,2.785,1994-10-18,"ดินแดง,ห้วยขวาง",สำนักการโยธา,กรุงเทพมหานคร
199,ถนน,ถนนรัชดาภิเษก,ถนนประชาราษฎร์บำเพ็ญ,ถนนสุทธิสารวินิจฉัย,40.00,1.155,1994-10-18,"ดินแดง,ห้วยขวาง",สำนักการโยธา,กรุงเทพมหานคร
199,ถนน,ถนนรัชดาภิเษก,ถนนสุทธิสารวินิจฉัย,ถนนลาดพร้าว,40.00,1.72,1994-10-18,"ดินแดง,ห้วยขวาง,จตุจักร",สำนักการโยธา,กรุงเทพมหานคร
199,ถนน,ถนนรัชดาภิเษก,ถนนลาดพร้าว,ถนนพหลโยธิน,40.00,2.675,1994-10-18,จตุจักร,สำนักการโยธา,กรุงเทพมหานคร
199,ถนน,ถนนรัชดาภิเษก,ถนนพหลโยธิน,ถนนวิภาวดีรังสิต,40.00,1.1,1994-10-18,จตุจักร,สำนักการโยธา,กรุงเทพมหานคร
199,ถนน,ถนนรัชดาภิเษก,ถนนประชาชื่น,ถนนกรุงเทพ-นนทบุรี,40.00,1.2,1999-10-15,บางซื่อ,สำนักการโยธา,กรุงเทพมหานคร
199,ถนน,ถนนรัชดาภิเษก,สะพานข้ามคลองบางกอกใหญ่,ถนนสมเด็จพระเจ้าตากสิน,40.00-45.00,2.2,2024-10-08,ธนบุรี,สำนักการโยธา,กรุงเทพมหานคร
199,ถนน,ถนนรัชดาภิเษก,คลองบางกอกใหญ่,ถนนเพชรเกษม,40.00-50.50,0.77,2010-01-14,บางกอกใหญ่,สำนักการโยธา,กรุงเทพมหานคร
200,ถนน,ถนนรัตนโกสินทร์ (สุขาภิบาล 5),ถนนสายไหม,สุดพื้นที่เขต (คลองบัวมน),20.00,5.32,2003-03-03,สายไหม,สำนักการโยธา,กรุงเทพมหานคร
200,ถนน,ถนนรัตนโกสินทร์ (สุขาภิบาล 5),สุดพื้นที่เเขต (คลองบัวมล),ห้าแยกวัชรพล,20.00,2.26,2005-02-11,บางเขน,สำนักการโยธา,กรุงเทพมหานคร
201,ถนน,ถนนรางน้ำ,ถนนราชปรารภ,ถนนพญาไท,20.00,0.688,1983-10-11,ราชเทวี,สำนักการโยธา,กรุงเทพมหานคร
202,ถนน,ถนนราชดำเนินกลาง,สะพานผ่านภิภพลีลา,สะพานผ่านฟ้าลีลาศ,58.00,1.2,1984-01-25,พระนคร,สำนักการโยธา,กรุงเทพมหานคร
203,ถนน,ถนนราชดำเนินนอก,สะพานผ่านฟ้าลีลาศ,สี่แยกถนนศรีอยุธยา,58.00,1.475,1984-01-25,"พระนคร,ป้อมปราบศัตรูพ่าย,ดุสิต",สำนักการโยธา,กรุงเทพมหานคร
204,ถนน,ถนนราชดำเนินใน,ถนนหน้าพระลาน,สะพานผ่านภิภพลีลา,44.00,0.525,1984-01-25,พระนคร,สำนักการโยธา,กรุงเทพมหานคร
205,ถนน,ถนนราชดำริ,ถนนพระรามที่ 4,สะพานเฉลิมโลก,37.00,2.218,1984-01-25,"ราชเทวี,ปทุมวัน",สำนักการโยธา,กรุงเทพมหานคร
206,ถนน,ถนนราชปรารภ,สะพานเฉลิมโลก,บ้านเลขที่ 314/13,28.00,0.15,1985-03-04,ราชเทวี,สำนักการโยธา,กรุงเทพมหานคร
206,ถนน,ถนนราชปรารภ,บ้านเลขที่ 314/13,ถนนศรีอยุธยา,28.00,0.607,1985-03-04,ราชเทวี,สำนักการโยธา,กรุงเทพมหานคร
206,ถนน,ถนนราชปรารภ,ถนนศรีอยุธยา,ถนนราชวิถี,27.00,0.777,1985-03-04,ราชเทวี,สำนักการโยธา,กรุงเทพมหานคร
207,ถนน,ถนนราชมนตรี,ซอยเพชรเกษม 58,สุดเขต (คลองพระยาราชมนตรี),10.00-14.00,1.5,2003-12-31,ภาษีเจริญ,สำนักการโยธา,กรุงเทพมหานคร
207,ถนน,ถนนราชมนตรี,คลองบางแวก,สุดเขต (ลำกระโดงสาธารณะ),12.00-14.00,1,2003-12-31,ภาษีเจริญ,สำนักการโยธา,กรุงเทพมหานคร
208,ถนน,ถนนราชวงศ์,ถนนเจริญกรุง,ท่าน้ำราชวงศ์,10.00-11.00,0.7,2004-07-12,สัมพันธวงศ์,สำนักการโยธา,กรุงเทพมหานคร
209,ถนน,ถนนราชวิถี,ถนนจรัญสนิทวงศ์,เชิงสะพานกรุงธนบุรี,40.10-40.70,0.75,2010-06-14,บางพลัด,สำนักการโยธา,กรุงเทพมหานคร
209,ถนน,ถนนราชวิถี,สะพานกรุงธน,ถนนสามเสน,20.00,0.369,1985-03-04,ดุสิต,สำนักการโยธา,กรุงเทพมหานคร
209,ถนน,ถนนราชวิถี,ถนนสามเสน,ถนนนครราชสีมา,20.50,0.395,1985-03-04,ดุสิต,สำนักการโยธา,กรุงเทพมหานคร
209,ถนน,ถนนราชวิถี,ถนนนครราชสีมา,ถนนพระรามที่ 5,19.00,0.868,1985-03-04,ดุสิต,สำนักการโยธา,กรุงเทพมหานคร
209,ถนน,ถนนราชวิถี,ถนนพระรามที่ 5,ถนนสวรรคโลก,20.00,0.8,1985-03-04,ดุสิต,สำนักการโยธา,กรุงเทพมหานคร
209,ถนน,ถนนราชวิถี,ถนนสวรรคโลก,ถนนพระรามที่ 6,26.00,0.321,1985-03-04,ราชเทวี,สำนักการโยธา,กรุงเทพมหานคร
209,ถนน,ถนนราชวิถี,ถนนพระรามที่ 6,อนุสาวรีย์ชัยสมรภูมิ,26.50,2.055,1985-03-04,ราชเทวี,สำนักการโยธา,กรุงเทพมหานคร
209,ถนน,ถนนราชวิถี,อนุสาวรีย์ชัยสมรภูมิ,ถนนราชปรารภ,29.00,1.398,1985-03-04,ราชเทวี,สำนักการโยธา,กรุงเทพมหานคร
210,ถนน,ถนนราชินี,ถนนพระอาทิตย์,ถนนหน้าพระธาตุ,40.00,0.221,1984-05-22,พระนคร,สำนักการโยธา,กรุงเทพมหานคร
210,ถนน,ถนนราชินี,ถนนหน้าพระธาตุ,แยกเข้าถนนหน้าพระธาตุ,20.50,0.144,1984-05-22,พระนคร,สำนักการโยธา,กรุงเทพมหานคร
210,ถนน,ถนนราชินี,แยกเข้าถนนหน้าพระธาตุ,ถนนราชดำเนินใน,20.00,0.15,1984-05-22,พระนคร,สำนักการโยธา,กรุงเทพมหานคร
210,ถนน,ถนนราชินี,ถนนราชดำเนินใน,ถนนหลักเมือง,23.00,0.5,1984-05-22,พระนคร,สำนักการโยธา,กรุงเทพมหานคร
210,ถนน,ถนนราชินี,ถนนหลักเมือง,ถนนกัลยาณไมตรี,16.00,0.15,1984-05-22,พระนคร,สำนักการโยธา,กรุงเทพมหานคร
210,ถนน,ถนนราชินี,ถนนกัลยาณไมตรี,ถนนเจริญกรุง,21.50,0.335,1984-05-22,พระนคร,สำนักการโยธา,กรุงเทพมหานคร
210,ถนน,ถนนราชินี,ถนนเจริญกรุง,ถนนพระพิพิธ,18.00,0.215,1984-05-22,พระนคร,สำนักการโยธา,กรุงเทพมหานคร
210,ถนน,ถนนราชินี,ถนนพระพิพิธ,ด้านข้างกรมที่ดิน,27.00,0.1,1984-05-22,พระนคร,สำนักการโยธา,กรุงเทพมหานคร
210,ถนน,ถนนราชินี,ด้านข้างกรมที่ดิน,ถนนมหาราช,20.50,0.237,1984-05-22,พระนคร,สำนักการโยธา,กรุงเทพมหานคร
211,ถนน,ถนนรามคำแหง,ถนนเพชรบุรี,รามคำแหง 13,29.50,1.553,1984-10-05,"บางกะปิ,สวนหลวง",สำนักการโยธา,กรุงเทพมหานคร
211,ถนน,ถนนรามคำแหง,รามคำแหง 13,สุดเขตทางหลวงเทศบาล (รามคำแหง 69),28.00,2.345,1984-10-05,บางกะปิ,สำนักการโยธา,กรุงเทพมหานคร
211,ถนน,ถนนรามคำแหง,คลองบ้านม้า (สุดพื้นที่เขต),ถนนวงแหวนรอบนอกด้านตะวันออก (ถนนกาญจนาภิเษก),50.00,2.5,2005-06-17,สะพานสูง,สำนักการโยธา,กรุงเทพมหานคร
211,ถนน,ถนนรามคำแหง,ถนนวงแหวนรอบนอกด้านตะวันออก (ถนนกาญจนาภิเษก),คลองลาดบัวขาว (สุดพื้นที่เขต),50.00,2.7,2005-06-17,สะพานสูง,สำนักการโยธา,กรุงเทพมหานคร
211,ถนน,ถนนรามคำแหง,สุดเขตมีนบุรี (คลองลาดบัวขาว),ถนนร่มเกล้า,30.00,3.5,1985-09-12,มีนบุรี,สำนักการโยธา,กรุงเทพมหานคร
212,ถนน,ถนนรามคำแหง 39 (เทพลีลา),ถนนรามคำแหง,คลองแสนแสบ,8.00,0.315,1986-02-19,บางกะปิ,สำนักการโยธา,กรุงเทพมหานคร
213,ถนน,ถนนรามคำแหง 65,ถนนรามคำแหง,คลองแสนแสบ,14.70,0.149,2001-02-12,บางกะปิ,สำนักการโยธา,กรุงเทพมหานคร
214,ถนน,ถนนรามบุตรี,ถนนตะนาว,ถนนจักรพงษ์,15.00,0.326,1984-01-25,พระนคร,สำนักการโยธา,กรุงเทพมหานคร
215,ถนน,ถนนรามอินทรา 40,ถนนรามอินทรา,ถนนนวลจันทร์,20.00,1.74,2005-06-17,บึงกุ่ม,สำนักการโยธา,กรุงเทพมหานคร
216,ถนน,ถนนราษฎร์นิมิตร,ถนนนิมิตรใหม่,ถนนหทัยราษฎร์,10.00,2.1,2005-06-17,คลองสามวา,สำนักการโยธา,กรุงเทพมหานคร
217,ถนน,ถนนราษฎร์บูรณะ,คลองดาวคะนอง,สุดเขตพื้นที่กรุงเทพฯ (คลองบางพึ่ง),25.30-30.90,5.06,2006-10-04,ราษฎร์บูรณะ,สำนักการโยธา,กรุงเทพมหานคร
218,ถนน,ถนนราษฎร์อุทิศ,ถนนสุวินทวงศ์,สุดเขตมีนบุรี,30.00,6.5,1986-10-08,มีนบุรี,สำนักการโยธา,กรุงเทพมหานคร
219,ถนน,ถนนลาดกระบัง,คลองตาพุก,คลองหนองปรือ,30.00,7,1985-08-16,ลาดกระบัง,สำนักการโยธา,กรุงเทพมหานคร
219,ถนน,ถนนลาดกระบัง,คลองหนองปรือ,คลองหัวตะเข้,30.00,0.9,1985-08-16,ลาดกระบัง,สำนักการโยธา,กรุงเทพมหานคร
220,ถนน,ถนนลาดปลาเค้า,ถนนรามอินทรา,สุดพื้นที่เขต (คลองหลุมไผ่),14.60-16.00,2.05,2003-03-03,บางเขน,สำนักการโยธา,กรุงเทพมหานคร
220,ถนน,ถนนลาดปลาเค้า,สุดพื้นที่เขต (คลองหลุมไผ่),ถนนเกษตร-นวมินทร์,20.00,1.295,2005-02-11,ลาดพร้าว,สำนักการโยธา,กรุงเทพมหานคร
220,ถนน,ถนนลาดปลาเค้า,ถนนเกษตร-นวมินทร์,ถนนเสนานิคม 1 (สี่แยกวังหิน),20.00,1.13,2005-02-11,ลาดพร้าว,สำนักการโยธา,กรุงเทพมหานคร
221,ถนน,ถนนลาดพร้าว,ถนนพหลโยธิน,คลองน้ำแก้ว (สุดพื้นที่เขต),30.00,2.54,2005-10-07,จตุจักร,สำนักการโยธา,กรุงเทพมหานคร
221,ถนน,ถนนลาดพร้าว,คลองน้ำแก้ว,คลองลาดพร้าว,30.60,1.04,2000-12-07,ห้วยขวาง,สำนักการโยธา,กรุงเทพมหานคร
221,ถนน,ถนนลาดพร้าว,คลองจั่น,สี่แยกบางกะปิ,30.00,2.5,2001-06-13,บางกะปิ,สำนักการโยธา,กรุงเทพมหานคร
222,ถนน,ถนนลาดพร้าว 80,ถนนลาดพร้าว,สุดทางหมู่บ้านโชคชัยปัญจทรัพย์,8.00-10.00,1.45,2000-11-02,วังทองหลาง,สำนักการโยธา,กรุงเทพมหานคร
223,ถนน,ถนนลาดพร้าว 101,ถนนลาดพร้าว,วัดบึงทองหลาง,20.00,2.48,1985-10-18,บางกะปิ,สำนักการโยธา,กรุงเทพมหานคร
224,ถนน,ถนนลาดพร้าววังหิน,ถนนโชคชัย 4,คลองลาดพร้าว,14.00,0.958,1986-02-19,ลาดพร้าว,สำนักการโยธา,กรุงเทพมหานคร
224,ถนน,ถนนลาดพร้าววังหิน,ซอยภาวนา,ถนนเสนานิคม 1 (สี่แยกวังหิน),20.00-21.30,2.78,2005-02-11,ลาดพร้าว,สำนักการโยธา,กรุงเทพมหานคร
225,ถนน,ถนนลาดหญ้า,สำนักการศึกษา,วงเวียนใหญ่,29.00-30.50,1.832,1984-06-28,คลองสาน,สำนักการโยธา,กรุงเทพมหานคร
226,ถนน,ถนนลูกหลวง,ถนนสามเสน,ถนนนครราชสีมา,20.50,0.456,1984-05-22,ดุสิต,สำนักการโยธา,กรุงเทพมหานคร
226,ถนน,ถนนลูกหลวง,ถนนนครราชสีมา,ถนนราชดำเนินนอก,21.00,0.436,1984-05-22,ดุสิต,สำนักการโยธา,กรุงเทพมหานคร
226,ถนน,ถนนลูกหลวง,ถนนราชดำเนินนอก,ถนนนครสวรรค์,16.00,0.553,1984-05-22,ดุสิต,สำนักการโยธา,กรุงเทพมหานคร
226,ถนน,ถนนลูกหลวง,ถนนนครสวรรค์,ตลาดผดุงกรุงเกษม,19.00,0.825,1984-05-22,ดุสิต,สำนักการโยธา,กรุงเทพมหานคร
227,ถนน,ถนนเลียบคลองภาษีเจริญฝั่งใต้,ถนนบางบอน 3,โรงเรียนวัดหนองแขม,10.00-16.00,4.95,2002-12-23,หนองแขม,สำนักการโยธา,กรุงเทพมหานคร
228,ถนน,ถนนเลียบคลองภาษีเจริญฝั่งเหนือ,ถนนเพชรเกษม 69,สุดเขตกรุงเทพฯ (คลองศรีสำราญ),15.50-16.00,5.3,2002-12-23,หนองแขม,สำนักการโยธา,กรุงเทพมหานคร
229,ถนน,ถนนเลียบคลองมอญ,ถนนทับยาว,ซอยฉลองกรุง 2,12.00-30.00,4.814,2006-01-13,ลาดกระบัง,สำนักการโยธา,กรุงเทพมหานคร
230,ถนน,ถนนเลียบคลองสอง,ถนนหทัยราษฏร์,สุดระยะ 3.154 กม. (ถนนพระยาสุเรนทร์),30.00,3.154,1985-09-12,คลองสามวา,สำนักการโยธา,กรุงเทพมหานคร
231,ถนน,ถนนเลียบทางรถไฟ,ถนนบรมราชชนนี,คลองชักพระ,15.50-16.20,0.9,2024-03-05,ตลิ่งชัน,สำนักการโยธา,กรุงเทพมหานคร
232,ถนน,ถนนเลียบวารี,ถนนเชื่อมสัมพันธ์,ถนนราษฎร์อุทิศ,30.00,7.1,1985-08-16,หนองจอก,สำนักการโยธา,กรุงเทพมหานคร
233,ถนน,ถนนวงศ์สว่าง,ถนนรัชดาภิเษก,ถนนพิบูลย์สงคราม,28.00,1.8,1998-12-06,บางซื่อ,สำนักการโยธา,กรุงเทพมหานคร
234,ถนน,ถนนวรจักร,ถนนบำรุงเมือง,ถนนหลวง,24.00,0.431,1984-06-28,ป้อมปราบศัตรูพ่าย,สำนักการโยธา,กรุงเทพมหานคร
234,ถนน,ถนนวรจักร,ถนนหลวง,ถนนเจริญกรุง,24.00,0.3,1984-06-28,ป้อมปราบศัตรูพ่าย,สำนักการโยธา,กรุงเทพมหานคร
235,ถนน,ถนนวังเดิม,ถนนอิสรภาพ,ถนนอรุณอัมรินทร์,16.00,0.467,1985-06-20,บางกอกใหญ่,สำนักการโยธา,กรุงเทพมหานคร
236,ถนน,ถนนวังหลัง,แยกศิริราช,แม่น้ำเจ้าพระยา (ท่าเรือ),13.65-18.25,0.327,2024-06-18,บางกอกน้อย,สำนักการโยธา,กรุงเทพมหานคร
237,ถนน,ถนนวัชรพล,ถนนเพิ่มสิน,สุดพื้นที่เขต (คลองหนองจอก),20.00,2.1,2003-03-03,สายไหม,สำนักการโยธา,กรุงเทพมหานคร
237,ถนน,ถนนวัชรพล,สุดพื้นที่เขต (คลองท่าแร้ง),เสถียรธรรมสถาน,16.00-20.00,3.93,2006-06-01,บางเขน,สำนักการโยธา,กรุงเทพมหานคร
238,ถนน,ถนนวิทยุ,ถนนพระรามที่ 4,ถนนสารสิน,35.90-36.60,0.555,2010-09-09,ปทุมวัน,สำนักการโยธา,กรุงเทพมหานคร
238,ถนน,ถนนวิทยุ,ถนนสารสิน,ถนนเพลินจิต,28.00-28.30,1.12,2010-09-09,ปทุมวัน,สำนักการโยธา,กรุงเทพมหานคร
238,ถนน,ถนนวิทยุ,ถนนเพลินจิต,คลองแสนแสบ (สุดพื้นที่เขต),22.70-22.80,0.51,2010-09-09,ปทุมวัน,สำนักการโยธา,กรุงเทพมหานคร
238,ถนน,ถนนวิทยุ,ถนนเพชรบุรี,ถนนเพลินจิต,22.00,0.714,1984-01-25,"ราชเทวี,ปทุมวัน",สำนักการโยธา,กรุงเทพมหานคร
239,ถนน,ถนนวิสุทธิกษัตริย์,แม่น้ำเจ้าพระยา,ถนนสามเสน,20.00,0.357,1983-12-22,พระนคร,สำนักการโยธา,กรุงเทพมหานคร
239,ถนน,ถนนวิสุทธิกษัตริย์,ถนนสามเสน,ถนนราชดำเนินนอก,26.00,1.116,1983-12-22,พระนคร,สำนักการโยธา,กรุงเทพมหานคร
240,ถนน,ถนนวุฒากาศ,ถนนเทอดไท,ถนนจอมทอง,16.00,2.421,1985-01-31,ธนบุรี,สำนักการโยธา,กรุงเทพมหานคร
240,ถนน,ถนนวุฒากาศ,ถนนจอมทอง,คลองวัดใหม่ยายนุ้ย (สุดพื้นที่เขต),15.70-16.00,1.16,2010-03-31,จอมทอง,สำนักการโยธา,กรุงเทพมหานคร
241,ถนน,ถนนศรีนครินทร์,ถนนลาดพร้าว,คลองกะจะ,30.00,2.3,2001-04-12,บางกะปิ,สำนักการโยธา,กรุงเทพมหานคร
241,ถนน,ถนนศรีนครินทร์,คลองกะจะ,คลองตาสาด,27.25-60.00,4.945,2019-05-17,สวนหลวง,สำนักการโยธา,กรุงเทพมหานคร
242,ถนน,ศรีนครินทร์ 55 (ซอยหมู่บ้านเสรีวิลล่า),ถนนศรีนครินทร์,สวนหลวง ร.9,21.20-21.70,1.15,2004-06-15,ประเวศ,สำนักการโยธา,กรุงเทพมหานคร
243,ถนน,ถนนศรีบูรพา,ถนนนวมินทร์,ถนนเสรีไทย,15.60-21.40,1.5,2001-04-12,บางกะปิ,สำนักการโยธา,กรุงเทพมหานคร
243,ถนน,ถนนศรีบูรพา,ถนนเสรีไทย,ถนนรามคำแหง,34.60-41.00,0.75,2001-04-12,บางกะปิ,สำนักการโยธา,กรุงเทพมหานคร
244,ถนน,ถนนศรีอยุธยา,ถนนราชปรารภ,ถนนพญาไท,36.10-38.60,0.9,1993-12-24,ราชเทวี,สำนักการโยธา,กรุงเทพมหานคร
244,ถนน,ถนนศรีอยุธยา,ถนนพญาไท,ถนนพระรามที่ 6,40.60,0.997,1993-12-24,ราชเทวี,สำนักการโยธา,กรุงเทพมหานคร
244,ถนน,ถนนศรีอยุธยา,ถนนพระรามที่ 6,ถนนสวรรคโลก,40.60,0.265,1993-12-24,ราชเทวี,สำนักการโยธา,กรุงเทพมหานคร
244,ถนน,ถนนศรีอยุธยา,ถนนสวรรคโลก,ถนนพระรามที่ 5,18.60,0.908,1994-02-22,ดุสิต,สำนักการโยธา,กรุงเทพมหานคร
244,ถนน,ถนนศรีอยุธยา,ถนนพระรามที่ 5,ถนนราชดำเนินนอก,32.00,0.4,1994-02-22,ดุสิต,สำนักการโยธา,กรุงเทพมหานคร
244,ถนน,ถนนศรีอยุธยา,ถนนราชดำเนินนอก,ถนนราชสีมา,35.00,0.354,1994-02-22,ดุสิต,สำนักการโยธา,กรุงเทพมหานคร
244,ถนน,ถนนศรีอยุธยา,ถนนราชสีมา,ถนนสามเสน,33.00,0.369,1994-02-22,ดุสิต,สำนักการโยธา,กรุงเทพมหานคร
244,ถนน,ถนนศรีอยุธยา,ถนนสามเสน,แม่น้ำเจ้าพระยา,20.10,0.519,1994-02-22,ดุสิต,สำนักการโยธา,กรุงเทพมหานคร
245,ถนน,ถนนศาลาแดง,ถนนสีลม,ถนนสาทรเหนือ,10.40-10.60,0.565,2010-02-03,บางรัก,สำนักการโยธา,กรุงเทพมหานคร
246,ถนน,ถนนศาลาธรรมสพน์,ถนนพุทธมณฑลสาย 2,สุดระยะ (คลองทวีวัฒนา),14.00-16.00,7.14,2011-10-13,ทวีวัฒนา,สำนักการโยธา,กรุงเทพมหานคร
247,ถนน,ถนนเศรษฐศิริ,ถนนพระรามที่ 5,ถนนเทอดดำริ,16.30,0.693,1999-07-02,ดุสิต,สำนักการโยธา,กรุงเทพมหานคร
248,ถนน,ถนนเศรษฐศิริ 1,ถนนพระรามที่ 6,เขตทางรถไฟ,14.00,0.247,1984-03-06,พญาไท,สำนักการโยธา,กรุงเทพมหานคร
249,ถนน,ถนนเศรษฐศิริ 2,ถนนพระรามที่ 6,เขตทางรถไฟ,13.50,0.248,1984-03-06,พญาไท,สำนักการโยธา,กรุงเทพมหานคร
250,ถนน,ถนนสกุลดี,ถนนผดุงพันธ์,ถนนประชาสำราญ,11.00,0.931,1984-10-05,หนองจอก,สำนักการโยธา,กรุงเทพมหานคร
251,ถนน,ถนนสนามไชย,ถนนหลักเมือง,ถนนเจริญกรุง,21.50,0.54,1984-05-22,พระนคร,สำนักการโยธา,กรุงเทพมหานคร
251,ถนน,ถนนสนามไชย,ถนนเจริญกรุง,ถนนมหาราช,22.50,0.464,1984-05-22,พระนคร,สำนักการโยธา,กรุงเทพมหานคร
252,ถนน,ถนนสมเด็จเจ้าพระยา,ถนนประชาธิปก,ถนนลาดหญ้า,19.50,1.44,1984-08-20,คลองสาน,สำนักการโยธา,กรุงเทพมหานคร
253,ถนน,ถนนสมเด็จพระเจ้าตากสิน,วงเวียนใหญ่,ถนนมไหสวรรค์,38.00,2.375,1984-06-28,คลองสาน,สำนักการโยธา,กรุงเทพมหานคร
253,ถนน,ถนนสมเด็จพระเจ้าตากสิน,วงเวียนใหญ่,คลองบางสะแก,38.00-39.50,3.47,1984-06-28,ธนบุรี,สำนักการโยธา,กรุงเทพมหานคร
254,ถนน,ถนนสมเด็จพระปิ่นเกล้า,สุดเขตทางใต้สะพาน สมเด็จพระปิ่นเกล้า,แยกจรัญสนิทวงศ์,60.00-100.00,1.37,2005-04-12,บางกอกน้อย,สำนักการโยธา,กรุงเทพมหานคร
255,ถนน,ถนนสรงประภา,สะพานข้ามคลองประปา,ถนนเชิดวุฒากาศ,28.10-43.30,4.3,2017-09-22,ดอนเมือง,สำนักการโยธา,กรุงเทพมหานคร
256,ถนน,ถนนสรรพาวุธ,กม. 0+070,แม่นำเจ้าพระยา,27.50-30.50,2,2000-10-12,บางนา,สำนักการโยธา,กรุงเทพมหานคร
257,ถนน,ถนนสวนผัก,ถนนชัยพฤกษ์,ถนนพุทธมณฑลสาย 2 (ถนนกาญจนาภิเษก),14.00,8.04,1986-06-09,ตลิ่งชัน,สำนักการโยธา,กรุงเทพมหานคร
257,ถนน,ถนนสวนผัก,ถนนพุทธมณฑลสาย 2,ถนนกาญจนาภิเษก,14.00,1.65,2011-10-13,ทวีวัฒนา,สำนักการโยธา,กรุงเทพมหานคร
258,ถนน,ถนนสวนพลู,ถนนสาทรใต้,ถนนนางลิ้นจี่,17.00,0.854,1999-08-05,สาทร,สำนักการโยธา,กรุงเทพมหานคร
259,ถนน,ถนนสวนสยาม,ถนนเสรีไทย (สุขาภิบาล 2),ถนนรามอินทรา,29.00-42.80,2.5,2001-10-28,คันนายาว,สำนักการโยธา,กรุงเทพมหานคร
260,ถนน,ถนนสวรรคโลก,ถนนพิษณุโลก,ถนนราชวิถี,18.50,1.55,1984-01-25,ดุสิต,สำนักการโยธา,กรุงเทพมหานคร
260,ถนน,ถนนสวรรคโลก,ถนนราชวิถี,สะพานข้ามคลองสามเสน,24.00,0.48,1984-01-25,ดุสิต,สำนักการโยธา,กรุงเทพมหานคร
260,ถนน,ถนนสวรรคโลก,สะพานข้ามคลองสามเสน,ถนนนครไชยศรี,20.00,0.196,1984-01-25,ดุสิต,สำนักการโยธา,กรุงเทพมหานคร
261,ถนน,ถนนสะแกงาม,ถนนพระรามที่ 2 (ถนนธนบุรี-ปากท่อ),ถนนบางขุนเทียน,30.00,3,1985-05-10,บางขุนเทียน,สำนักการโยธา,กรุงเทพมหานคร
262,ถนน,ถนนสังคโลก,ถนนขาว,ถนนสามเสน,11.50,0.314,1983-10-11,ดุสิต,สำนักการโยธา,กรุงเทพมหานคร
263,ถนน,ถนนสังฆสันติสุข,ถนนบุรีภิรมย์,คลองหลวงแพ่ง,30.00,9,1985-08-16,หนองจอก,สำนักการโยธา,กรุงเทพมหานคร
264,ถนน,ถนนสันติภาพ,ถนนกรุงเกษม,วงเวียน 22 กรกฎาคม,16.00,0.16,1985-06-05,ป้อมปราบศัตรูพ่าย,สำนักการโยธา,กรุงเทพมหานคร
264,ถนน,ถนนสันติภาพ,วงเวียน 22 กรกฎาคม,ถนนพลับพลาไชย,16.00,0.36,1985-06-05,ป้อมปราบศัตรูพ่าย,สำนักการโยธา,กรุงเทพมหานคร
265,ถนน,ถนนสาทรใต้,ถนนพระรามที่ 4,ถนนเจริญกรุง,20.00,3.65,1999-08-05,สาทร,สำนักการโยธา,กรุงเทพมหานคร
266,ถนน,ถนนสาทรเหนือ,ถนนเจริญกรุง,ถนนพระรามที่ 4,16.35-25.80,3.275,2012-03-22,บางรัก,สำนักการโยธา,กรุงเทพมหานคร
266,ถนน,ถนนสาทรเหนือ,ถนนเจริญกรุง,บ้านเลขที่ 59,26.60,0.069,1985-06-25,บางรัก,สำนักการโยธา,กรุงเทพมหานคร
266,ถนน,ถนนสาทรเหนือ,บ้านเลขที่ 59,ถนนจรัสเวียง,6.30,0.176,1985-06-25,บางรัก,สำนักการโยธา,กรุงเทพมหานคร
266,ถนน,ถนนสาทรเหนือ,ถนนจรัสเวียง,ถนนพระรามที่ 4,17.30,2.976,1985-06-25,บางรัก,สำนักการโยธา,กรุงเทพมหานคร
267,ถนน,ถนนสาธุประดิษฐ์,ถนนจันทน์,ท่าน้ำสาธุประดิษฐ์,27.15,3.5,1998-12-29,"สาทร,ยานนาวา",สำนักการโยธา,กรุงเทพมหานคร
268,ถนน,ถนนสามวา,ถนนสุวินทวงศ์,บึงบ่อยาว,20.00,3.155,1985-09-12,"มีนบุรี,คลองสามวา",สำนักการโยธา,กรุงเทพมหานคร
269,ถนน,ถนนสามเสน,ถนนทหาร,สะพานอนุวัฒนวโรดม,21.00,0.808,1984-10-05,ดุสิต,สำนักการโยธา,กรุงเทพมหานคร
269,ถนน,ถนนสามเสน,สะพานอนุวัฒนวโรดม,ถนนอำนวยสงคราม,21.00,0.295,1984-10-05,ดุสิต,สำนักการโยธา,กรุงเทพมหานคร
269,ถนน,ถนนสามเสน,ถนนอำนวยสงคราม,ถนนนครไชยศรี,20.00,0.532,1984-10-05,ดุสิต,สำนักการโยธา,กรุงเทพมหานคร
269,ถนน,ถนนสามเสน,ถนนนครไชยศรี,เชิงสะพานโสภณ,21.00,0.24,1984-10-05,ดุสิต,สำนักการโยธา,กรุงเทพมหานคร
269,ถนน,ถนนสามเสน,เชิงสะพานโสภณ,ถนนราชวิถี,22.00,0.63,1984-10-05,ดุสิต,สำนักการโยธา,กรุงเทพมหานคร
269,ถนน,ถนนสามเสน,ถนนราชวิถี,ถนนวัดราชาธิวาส,21.00,0.443,1984-10-05,ดุสิต,สำนักการโยธา,กรุงเทพมหานคร
269,ถนน,ถนนสามเสน,ถนนวัดราชาธิวาส,ถนนกรุงเกษม,21.00,0.65,1984-10-05,ดุสิต,สำนักการโยธา,กรุงเทพมหานคร
269,ถนน,ถนนสามเสน,ถนนกรุงเกษม,ถนนวิสุทธิกษัตริย์,21.00,0.468,1984-10-05,พระนคร,สำนักการโยธา,กรุงเทพมหานคร
269,ถนน,ถนนสามเสน,ถนนวิสุทธิกษัตริย์,สะพานรัตน์สถาน,20.00,0.546,1984-10-05,พระนคร,สำนักการโยธา,กรุงเทพมหานคร
270,ถนน,ถนนสายศาลธนบุรี (ถนนทรัพย์สิน-บางขุนเทียน),ถนนเทอดไท,สุดเขต (คลองบางสาย),9.00-12.00,1.125,2003-12-31,ภาษีเจริญ,สำนักการโยธา,กรุงเทพมหานคร
271,ถนน,ถนนสายไหม,ถนนเลียบคลองสอง,สุดพื้นที่เขต (คลองพระยาสุเรนทร์),20.00,5.7,2003-03-03,สายไหม,สำนักการโยธา,กรุงเทพมหานคร
272,ถนน,ถนนสารสิน,ถนนราชดำริ,ถนนวิทยุ,22.75-26.80,0.76,2010-02-03,ปทุมวัน,สำนักการโยธา,กรุงเทพมหานคร
273,ถนน,ถนนสาลีรัฐวิภาค,ถนนพหลโยธิน,บ้านเลขที่ 335-343,29.20,0.18,2001-07-20,พญาไท,สำนักการโยธา,กรุงเทพมหานคร
273,ถนน,ถนนสาลีรัฐวิภาค,บ้านเลขที่ 335-343,ถนนสุทธิสารวินิจฉัย,20.00,0.02,2001-07-20,พญาไท,สำนักการโยธา,กรุงเทพมหานคร
274,ถนน,ถนนสิบสามห้าง,ถนนพระสุเมรุ,ถนนตานี,20.00,0.165,1984-01-25,พระนคร,สำนักการโยธา,กรุงเทพมหานคร
275,ถนน,ถนนสิรินธร,ถนนจรัญสนิทวงศ์,ถนนบรมราชชนนี,40.00-260.00,2.9,2005-03-04,บางพลัด,สำนักการโยธา,กรุงเทพมหานคร
276,ถนน,ถนนสี่พระยา,ถนนพระรามที่ 4,สุดระยะท่าน้ำสี่พระยา,13.50-15.10,1.62,2010-07-30,บางรัก,สำนักการโยธา,กรุงเทพมหานคร
277,ถนน,ถนนสีลม,ถนนพระรามที่ 4,ถนนเจริญกรุง,31.40-32.15,2.285,2012-03-22,บางรัก,สำนักการโยธา,กรุงเทพมหานคร
278,ถนน,ถนนสีหบุรานุกิจ,ถนนสุวินทวงศ์,คลองสามวา,40.00,1.38,1985-09-18,มีนบุรี,สำนักการโยธา,กรุงเทพมหานคร
278,ถนน,ถนนสีหบุรานุกิจ,คลองสามวา,ถนนร่มเกล้า,10.00,0.4,1985-09-18,มีนบุรี,สำนักการโยธา,กรุงเทพมหานคร
279,ถนน,ถนนสุขสวัสดิ์,คลองบางสะแก (สุดพื้นที่เขต),คลองบางปะแก้ว (สุดพื้นที่เขต),40.50-40.80,1.62,2010-03-31,จอมทอง,สำนักการโยธา,กรุงเทพมหานคร
279,ถนน,ถนนสุขสวัสดิ์,สะพานข้ามคลองบางสะแก,สุดเขตทางหลวงเทศบาล,40.50,1.305,1985-01-31,ราษฎร์บูรณะ,สำนักการโยธา,กรุงเทพมหานคร
280,ถนน,ถนนสุขาภิบาล 2,ถนนสุขุมวิท 77 (ถนนอ่อนนุช),ถนนวงแหวนรอบนอกทิศตะวันออก,28.00-33.00,3.5,2004-12-03,ประเวศ,สำนักการโยธา,กรุงเทพมหานคร
281,ถนน,ถนนสุขาภิบาล 4 (ซอยรามอินทรา 23),ถนนรามอินทรา,สุดซอย (บ้านเลขที่ 19/23),10.00,1.26,2003-03-03,บางเขน,สำนักการโยธา,กรุงเทพมหานคร
282,ถนน,ถนนสุขุมวิท,ถนนดวงพิทักษ์ (สุดพื้นที่เขต),สุขุมวิท 81 (ซอยศิริพจน์),30.80-37.50,7.1,2010-05-04,คลองเตย,สำนักการโยธา,กรุงเทพมหานคร
282,ถนน,ถนนสุขุมวิท,ซอยสุขุมวิท 81 (ซอยศิริพจน์),ถนนสุขุมวิท 101/1 (ซอยวชิรธรรมสาธิต),32.00-37.50,2.46,2011-04-19,พระโขนง,สำนักการโยธา,กรุงเทพมหานคร
282,ถนน,ถนนสุขุมวิท,ถนนสุขุมวิท 101/1 (ซอยวชิรธรรมสาธิต),สุดเขตกรุงเทพมหานคร,32.00-32.50,4.5,2011-04-19,บางนา,สำนักการโยธา,กรุงเทพมหานคร
283,ถนน,สุขุมวิท 63 (เอกมัย),ถนนสุขุมวิท (ซอยเจริญมิตร),ถนนเพชรบุรี,19.50,2.662,1984-06-28,"วัฒนา,พระโขนง",สำนักการโยธา,กรุงเทพมหานคร
284,ถนน,สุขุมวิท 71 (ถนนปรีดี พนมยงค์),ถนนสุขุมวิท,คลองตัน,21.50-22.50,2.834,1984-06-28,"วัฒนา,พระโขนง",สำนักการโยธา,กรุงเทพมหานคร
284,ถนน,สุขุมวิท 71 (ถนนปรีดี พนมยงค์),คลองตัน,สี่แยกคลองตัน,28.50,0.39,1984-06-28,สวนหลวง,สำนักการโยธา,กรุงเทพมหานคร
285,ถนน,สุขุมวิท 77 (ซอยอ่อนนุช),ถนนสุขุมวิท,คลองบ้านสวน,16.00-21.00,2.56,1984-06-28,วัฒนา,สำนักการโยธา,กรุงเทพมหานคร
285,ถนน,สุขุมวิท 77 (ซอยอ่อนนุช),ซอยอ่อนนุช 3 (คลองบางนางจีน),คลองพระโขนง (คลองหนองบอน),10.00-18.50,4.735,1984-06-28,สวนหลวง,สำนักการโยธา,กรุงเทพมหานคร
285,ถนน,สุขุมวิท 77 (ซอยอ่อนนุช),คลองพระโขนง (คลองหนองบอน),คลองหนองปรือ,9.00,5.698,1984-06-28,ประเวศ,สำนักการโยธา,กรุงเทพมหานคร
286,ถนน,สุขุมวิท 103 (ซอยอุดมสุข),ถนนสุขุมวิท,คลองเคล็ด,19.00-25.00,3.5,2000-10-12,บางนา,สำนักการโยธา,กรุงเทพมหานคร
286,ถนน,สุขุมวิท 103 (ซอยอุดมสุข),สุดเขตพื้นที่ (คลองเคล็ด),ถนนศรีนครินทร์,22.60-25.00,0.605,2012-09-14,ประเวศ,สำนักการโยธา,กรุงเทพมหานคร
287,ถนน,สุขุมวิท 105 (ซอยลาซาล),ถนนสุขุมวิท,สุดเขตกรุงเทพมหานคร (ถนนศรีนครินทร์),10.00-24.00,4.8,1998-09-25,บางนา,สำนักการโยธา,กรุงเทพมหานคร
288,ถนน,สุขุมวิท 107 (ซอยแบริ่ง),ถนนสุขุมวิท,สุดเขตกรุงเทพมหานคร,17.00,0.069,2000-10-12,บางนา,สำนักการโยธา,กรุงเทพมหานคร
289,ถนน,ถนนสุโขทัย,ถนนสวรรคโลก,ถนนสามเสน,26.50,2.025,1984-01-25,ดุสิต,สำนักการโยธา,กรุงเทพมหานคร
289,ถนน,ถนนสุโขทัย,ถนนสามเสน,แม่น้ำเจ้าพระยา,16.50,0.54,1984-01-25,ดุสิต,สำนักการโยธา,กรุงเทพมหานคร
290,ถนน,ถนนสุคนธสวัสดิ์,ซอยเสมอดามาพงษ์ (สี่แยกโรงไม้),ถนนเกษตร-นวมินทร์,20.00,2.21,2005-02-11,ลาดพร้าว,สำนักการโยธา,กรุงเทพมหานคร
290,ถนน,ถนนสุคนธสวัสดิ์,ถนนเกษตร-นวมินทร์,ถนนประดิษฐ์มนูธรรม,20.00,1.375,2005-02-11,ลาดพร้าว,สำนักการโยธา,กรุงเทพมหานคร
290,ถนน,ถนนสุคนธสวัสดิ์,ถนนประดิษฐ์มนูธรรม,ถนนนวลจันทร์,20.00,0.3,2005-06-17,บึงกุ่ม,สำนักการโยธา,กรุงเทพมหานคร
291,ถนน,ถนนสุคันธาราม,ถนนสวรรคโลก,ถนนพระรามที่ 5,18.00,0.756,1984-01-25,ดุสิต,สำนักการโยธา,กรุงเทพมหานคร
292,ถนน,ถนนสุทธิสารวินิจฉัย,ถนนพหลโยธิน,ถนนวิภาวดีรังสิต,13.00,1.433,1984-10-05,พญาไท,สำนักการโยธา,กรุงเทพมหานคร
292,ถนน,ถนนสุทธิสารวินิจฉัย,ถนนวิภาวดีรังสิต,ทางแยกไปห้วยขวาง,11.00,0.51,1984-10-05,ดินแดง,สำนักการโยธา,กรุงเทพมหานคร
292,ถนน,ถนนสุทธิสารวินิจฉัย,ทางแยกไปห้วยขวาง,ซอยจิปดำริห์,10.50,0.4,1984-10-05,ดินแดง,สำนักการโยธา,กรุงเทพมหานคร
292,ถนน,ถนนสุทธิสารวินิจฉัย,ซอยจิปดำริห์,ซอยถนอมจิต,8.50,0.147,1984-10-05,ดินแดง,สำนักการโยธา,กรุงเทพมหานคร
292,ถนน,ถนนสุทธิสารวินิจฉัย,ซอยถนอมจิต,ถนนรัชดาภิเษก,8.50,0.24,1984-10-05,ดินแดง,สำนักการโยธา,กรุงเทพมหานคร
292,ถนน,ถนนสุทธิสารวินิจฉัย,ถนนรัชดาภิเษก,ซอยประภาศิริ,8.50,0.88,1984-10-05,ห้วยขวาง,สำนักการโยธา,กรุงเทพมหานคร
292,ถนน,ถนนสุทธิสารวินิจฉัย,ซอยประภาศิริ,ซอยอาภาศิริ,8.00,0.137,1984-10-05,ห้วยขวาง,สำนักการโยธา,กรุงเทพมหานคร
293,ถนน,ถนนสุนทรโกษา,ถนนพระรามที่ 4,แยกกรมศุลกากร,33.00-41.80,1.16,2004-06-28,คลองเตย,สำนักการโยธา,กรุงเทพมหานคร
294,ถนน,ถนนสุรวงค์,ถนนพระรามที่ 4,ถนนเจริญกรุง,17.30,1.948,2012-03-22,บางรัก,สำนักการโยธา,กรุงเทพมหานคร
295,ถนน,ถนนสุรศักดิ์,ถนนสาทรเหนือ,ถนนสีลม,15.00-17.70,0.45,2012-03-22,บางรัก,สำนักการโยธา,กรุงเทพมหานคร
296,ถนน,ถนนเสนานิคม 1,ถนนพหลโยธิน,คลองลาดพร้าว,14.00-15.00,2.14,1993-02-12,จตุจักร,สำนักการโยธา,กรุงเทพมหานคร
296,ถนน,ถนนเสนานิคม 1,คลองลาดพร้าว,หมู่บ้านเสนานิเวศน์ 1 (บ้านเลขที่ 48/22),12.00-22.00,1.23,2003-06-09,ลาดพร้าว,สำนักการโยธา,กรุงเทพมหานคร
297,ถนน,ถนนเสรีไทย,สี่แยกหน้าเขตบางกะปิ,ถนนศรีบูรพา,30.00,1.15,2005-06-17,บางกะปิ,สำนักการโยธา,กรุงเทพมหานคร
297,ถนน,ถนนเสรีไทย,ถนนศรีบูรพา,คลองระหัส (สุดพื้นที่เขต),30.00,2.85,2005-06-17,บึงกุ่ม,สำนักการโยธา,กรุงเทพมหานคร
297,ถนน,ถนนเสรีไทย,คลองระหัส (สุดพื้นที่เขต),ถนนวงแหวนรอบนอกตะวันออก (กาญจนาภิเษก),30.00,0.9,2005-10-07,คันนายาว,สำนักการโยธา,กรุงเทพมหานคร
297,ถนน,ถนนเสรีไทย,ถนนวงแหวนรอบนอกตะวันออก (กาญจนาภิเษก),คลองบางชัน (สุดพื้นที่เขต),30.00,2.4,2005-10-07,คันนายาว,สำนักการโยธา,กรุงเทพมหานคร
297,ถนน,ถนนเสรีไทย,สุดพื้นที่เขต (คลองบางชัน),สี่แยกมีนบุรี (ถนนรามอินทรา),30.00,1.805,2005-05-20,มีนบุรี,สำนักการโยธา,กรุงเทพมหานคร
298,ถนน,ถนนเสือป่า,ถนนเจริญกรุง,ถนนเจ้าคำรพ,19.50,0.22,1985-04-25,ป้อมปราบศัตรูพ่าย,สำนักการโยธา,กรุงเทพมหานคร
298,ถนน,ถนนเสือป่า,ถนนเจ้าคำรพ,ถนนหลวง,20.00,0.18,1985-04-25,ป้อมปราบศัตรูพ่าย,สำนักการโยธา,กรุงเทพมหานคร
299,ถนน,ถนนแสมดำ,ถนนพระรามที่ 2 (ถนนธนบุรี-ปากท่อ),คลองสนามไชย,30.00,2.95,1985-07-04,บางขุนเทียน,สำนักการโยธา,กรุงเทพมหานคร
300,ถนน,ถนนหทัยมิตร,ถนนนิมิตรใหม่,ถนนหทัยราษฏร์,19.00,1.1,2001-11-08,คลองสามวา,สำนักการโยธา,กรุงเทพมหานคร
301,ถนน,ถนนหทัยราษฎร์,ถนนสุวินทวงศ์,คลองสาม,30.00,7,1985-09-12,"มีนบุรี,คลองสามวา",สำนักการโยธา,กรุงเทพมหานคร
302,ถนน,ถนนหนองแขม-วัดศรีนวล,ถนนเลียบคลองภาษีเจริญฝั่งใต้,คลองหนามแดง,7.40-12.00,2.237,2003-03-13,หนองแขม,สำนักการโยธา,กรุงเทพมหานคร
303,ถนน,ถนนหน้าพระธาตุ,ถนนหน้าพระลาน,ถนนราชินี,23.30-30.50,0.775,1999-01-08,พระนคร,สำนักการโยธา,กรุงเทพมหานคร
304,ถนน,ถนนหน้าพระลาน,ถนนสนามไชย,แม่น้ำเจ้าพระยา,21.00,0.566,1983-12-22,พระนคร,สำนักการโยธา,กรุงเทพมหานคร
305,ถนน,ถนนหลวง,ถนนกรุงเกษม,ถนนยุคล 2,21.00,0.622,1984-05-22,ป้อมปราบศัตรูพ่าย,สำนักการโยธา,กรุงเทพมหานคร
305,ถนน,ถนนหลวง,ถนนยุคล 2,สะพานระพีรัตนภาค (คลองโอ่งอ่าง),21.00,0.674,1984-05-22,ป้อมปราบศัตรูพ่าย,สำนักการโยธา,กรุงเทพมหานคร
305,ถนน,ถนนหลวง,สะพานระพีรัตนภาค (คลองโอ่งอ่าง),ถนนมหาไชย,23.50,0.076,1984-05-22,พระนคร,สำนักการโยธา,กรุงเทพมหานคร
306,ถนน,ถนนหลวงแพ่ง,คลองหัวตะเข้,คลองกาหลง,30.00,7.14,1985-08-16,ลาดกระบัง,สำนักการโยธา,กรุงเทพมหานคร
307,ถนน,ถนนหลังสวน,ซอยสารสิน,ถนนเพลินจิต,16.90-17.50,1.06,2010-02-03,ปทุมวัน,สำนักการโยธา,กรุงเทพมหานคร
308,ถนน,ถนนหลานหลวง,สะพานผ่านฟ้าลีลาศ,สะพานจตุรพักตรรังสฤษฏ์,25.50,1.09,1984-01-25,ป้อมปราบศัตรูพ่าย,สำนักการโยธา,กรุงเทพมหานคร
308,ถนน,ถนนหลานหลวง,สะพานจตุรภักรรังสฤษดิ์,สี่แยกยมราช,28.00,0.45,1984-01-25,ดุสิต,สำนักการโยธา,กรุงเทพมหานคร
309,ถนน,ถนนอนามัยงามเจริญ (พระรามที่ 2 ซอย 47),ถนนพระรามที่ 2 (ถนนธนบุรี-ปากท่อ),วัดท่าข้าม (คลองรางสะแก),16.00,5.02,1985-05-10,บางขุนเทียน,สำนักการโยธา,กรุงเทพมหานคร
310,ถนน,ถนนอนุวงศ์,ถนนราชวงศ์,ถนนมหาจักร,10.00-11.00,0.188,2004-07-12,สัมพันธวงศ์,สำนักการโยธา,กรุงเทพมหานคร
311,ถนน,ถนนอยู่เย็น,ถนนประดิษฐ์มนูธรรม,สุดพื้นที่เขตลาดพร้าว (คลองตาเร่ง),20.00,0.34,2003-06-09,ลาดพร้าว,สำนักการโยธา,กรุงเทพมหานคร
311,ถนน,ถนนอยู่เย็น,สุดพื้นที่เขตบางเขน (คลองตาเร่ง),ถนนรามอินทรา,20.00,1.27,2009-11-04,บางเขน,สำนักการโยธา,กรุงเทพมหานคร
312,ถนน,ถนนอยู่วิทยา,ถนนสังฆสันติสุข,ถนนสุวินทวงศ์,8.00-30.00,5.28,1993-06-30,หนองจอก,สำนักการโยธา,กรุงเทพมหานคร
313,ถนน,ถนนอรุณอมรินทร์,ถนนประชาธิปก,คลองบางกอกใหญ่ (สุดเขตพื้นที่),23.00,0.943,2000-01-31,ธนบุรี,สำนักการโยธา,กรุงเทพมหานคร
313,ถนน,ถนนอรุณอมรินทร์,ถนนวังเดิม,ตรอกเสมียนจ๋าย (สะพานคลองมอญ),7.00-23.00,1.169,1985-01-31,บางกอกใหญ่,สำนักการโยธา,กรุงเทพมหานคร
313,ถนน,ถนนอรุณอมรินทร์,คลองมอญ (สุดพื้นที่เขต),เขตทางรถไฟ,22.90-23.10,1.45,2010-06-14,บางกอกน้อย,สำนักการโยธา,กรุงเทพมหานคร
313,ถนน,ถนนอรุณอมรินทร์,เขตทางรถไฟ,ถนนสมเด็จพระปิ่นเกล้า,23.00-40.00,0.952,2003-01-31,บางกอกน้อย,สำนักการโยธา,กรุงเทพมหานคร
313,ถนน,ถนนอรุณอมรินทร์,ถนนสมเด็จพระปิ่นเกล้า,จรัญสนิทวงศ์ 40 (ซอยอัศวมิตร),40.00-230.00,0.385,2005-03-04,บางพลัด,สำนักการโยธา,กรุงเทพมหานคร
313,ถนน,ถนนอรุณอมรินทร์,ซอยอรุณอมรินทร์ 49,จุดกลับรถใต้สะพานพระราม 8,40.00-64.00,0.7665,2019-05-29,บางพลัด,สำนักการโยธา,กรุงเทพมหานคร
314,ถนน,ถนนอโศก-ดินแดง,ถนนเพชรบุรี,ถนนรัชดาภิเษก,30.00,0.77,1985-03-04,ราชเทวี,สำนักการโยธา,กรุงเทพมหานคร
314,ถนน,ถนนอโศก-ดินแดง,ถนนรัชดาภิเษก,ถนนประชาสงเคราะห์,30.00,1.26,1985-03-04,ดินแดง,สำนักการโยธา,กรุงเทพมหานคร
315,ถนน,ถนนอังรีดูนังต์,ถนนพระรามที่ 4,ถนนพระรามที่ 1,36.00-41.00,1.6,2010-09-09,ปทุมวัน,สำนักการโยธา,กรุงเทพมหานคร
316,ถนน,ถนนอัษฎางค์,ถนนราชดำเนินกลาง,ถนนจักรเพชร,17.00,1.65,1984-05-22,พระนคร,สำนักการโยธา,กรุงเทพมหานคร
317,ถนน,ถนนอำนวยสงคราม,ถนนสามเสน,ถนนพระรามที่ 5,20.00,1.234,1983-10-11,ดุสิต,สำนักการโยธา,กรุงเทพมหานคร
318,ถนน,ถนนอินทรพิทักษ์,อนุสาวรีย์สมเด็จ พระเจ้าตากสิน,สะพานเนาวจำเนียร,30.50,0.617,1984-08-20,ธนบุรี,สำนักการโยธา,กรุงเทพมหานคร
319,ถนน,ถนนอินทราวาส,ถนนพุทธมณฑลสาย 1,สุดเขตทาง (บ้านเลขที่ 39/1-2),12.00-16.00,2.25,2005-03-04,ตลิ่งชัน,สำนักการโยธา,กรุงเทพมหานคร
320,ถนน,ถนนอินทาปัจ (ซอยเพชรเกษม 69),ถนนเพชรเกษม,คลองภาษีเจริญ,16.00,1.937,1986-03-04,หนองแขม,สำนักการโยธา,กรุงเทพมหานคร
321,ถนน,ถนนอิสรภาพ,ถนนลาดหญ้า,ถนนประชาธิปก,22.00,0.76,1984-10-05,คลองสาน,สำนักการโยธา,กรุงเทพมหานคร
321,ถนน,ถนนอิสรภาพ,ถนนประชาธิปก,กลางสะพานเจริญพาสน์,23.00,0.972,1985-10-05,ธนบุรี,สำนักการโยธา,กรุงเทพมหานคร
321,ถนน,ถนนอิสรภาพ,กลางสะพานเจริญพาสน์ (สะพานเจริญพาสน์),กลางสะพาน ร.ร.ชิโนรสฯ (สะพานคลองมอญ),21.50,1.395,1984-10-05,บางกอกใหญ่,สำนักการโยธา,กรุงเทพมหานคร
321,ถนน,ถนนอิสรภาพ,คลองมอญ (สุดพื้นที่เขต),ถนนวัดสุทธาวาส,22.90-24.10,1.62,2010-06-14,บางกอกน้อย,สำนักการโยธา,กรุงเทพมหานคร
322,ถนน,ถนนอุณากรรณ,ถนนเจริญกรุง,ถนนบำรุงเมือง,13.30-20.00,0.446,2005-08-19,พระนคร,สำนักการโยธา,กรุงเทพมหานคร
323,ถนน,ถนนอู่ทองนอก,ถนนราชสีมา,ถนนสามเสน,20.00,0.37,2005-10-07,ดุสิต,สำนักการโยธา,กรุงเทพมหานคร
324,ถนน,ถนนอู่ทองใน,ถนนราชวิถี,ถนนอู่ทองใน (ช่วง 2),30.00-37.00,0.32,2005-10-07,ดุสิต,สำนักการโยธา,กรุงเทพมหานคร
324,ถนน,ถนนอู่ทองใน,พิพิธภัณฑ์พระที่นั่งวิมานเมฆ,ลานพระบรมรูปทรงม้า,29.00-31.00,0.42,2005-10-07,ดุสิต,สำนักการโยธา,กรุงเทพมหานคร
325,ถนน,ถนนเอกชัย,สะพานบางขุนเทียน,สุดเขต (คลองวัดสิงห์),14.30-17.30,2.8,2010-03-31,จอมทอง,สำนักการโยธา,กรุงเทพมหานคร
326,ถนน,ถนนแฮปปี้แลนด์สาย 1,ถนนลาดพร้าว,สุดซอยสาธารณะ (ตึกแถวเลขที่ 249),20.00,0.67,2001-08-06,บางกะปิ,สำนักการโยธา,กรุงเทพมหานคร
327,ตรอก,ตรอกไกร,ถนนทรงวาด 2,แม่น้ำเจ้าพระยา,15.40-21.90,0.105,2024-04-04,สัมพันธวงศ์,สำนักการโยธา,กรุงเทพมหานคร
328,ซอย,จันทน์ 18/7 (ซอยเซนต์หลุยส์ 3),ถนนจันทน์,สาทร 11 (ซอยเซนต์หลุยส์ 3),11.60-17.20,0.835,2010-05-04,สาทร,สำนักการโยธา,กรุงเทพมหานคร
329,ซอย,จันทน์ 43 (ซอยวัดไผ่เงิน),ซอยทวีสิทธิ์,สุดซอย (รร.สารสาสน์เอกตรา),7.60-17.00,0.61,2004-10-22,บางคอแหลม,สำนักการโยธา,กรุงเทพมหานคร
329,ซอย,จันทน์ 43 (ซอยวัดไผ่เงิน),ถนนจันทน์,วัดไผ่เงิน,9.80-10.65,1.1,2010-05-04,สาทร,สำนักการโยธา,กรุงเทพมหานคร
329,ซอย,จันทน์ 43 (ซอยวัดไผ่เงิน),จันทน์ 43 แยก 14,จันทน์ 43 แยก 45,10.30-15.50,1.03,2024-01-19,บางคอแหลม,สำนักการโยธา,กรุงเทพมหานคร
330,ซอย,เจริญกรุง 107 (ซอยประดู่ 1),ถนนเจริญกรุง,คลองมะนาว,7.50-11.80,3.25,2002-04-26,บางคอแหลม,สำนักการโยธา,กรุงเทพมหานคร
331,ซอย,ซอยแฉล้มนิมิตร,เจริญกรุง 107 (ซอยประดู่ 1),คลองขวาง,20.00,0.8,2002-04-26,บางคอแหลม,สำนักการโยธา,กรุงเทพมหานคร
332,ซอย,ท่าข้าม 7,ถนนท่าข้าม,คลองสนามชัย,6.50-7.00,0.3,2004-12-08,บางขุนเทียน,สำนักการโยธา,กรุงเทพมหานคร
333,ซอย,บางบอน 3 ซอย 5 (ซอยบ้านนายเหรียญ),ถนนบางบอน 4,ถนนบางบอน 3,10.90-12.80,1.6,2024-03-05,บางบอน,สำนักการโยธา,กรุงเทพมหานคร
334,ซอย,ประชาอุทิศ 90,ถนนประชาอุทิศ,สุดระยะ (อาคารสงเคราะห์ฯ กทม.),20.00,0.82,2011-07-25,ทุ่งครุ,สำนักการโยธา,กรุงเทพมหานคร
335,ซอย,พระรามที่ 2 ซอย 33,ถนนพระรามที่ 2,คลองตาสุก (สุดพื้นที่เขต),8.90-14.00,2.265,2010-03-31,จอมทอง,สำนักการโยธา,กรุงเทพมหานคร
336,ซอย,พหลโยธิน 18,ถนนพหลโยธิน,สุดซอย (บ้านเลขที่ 3/4),8.00-10.00,0.43,2001-10-16,จตุจักร,สำนักการโยธา,กรุงเทพมหานคร
337,ซอย,พหลโยธิน 18/1 (ซอยร่วมศิริมิตร),ถนนพหลโยธิน,คลองบางซื่อ,8.00-12.00,1.19,2001-10-24,จตุจักร,สำนักการโยธา,กรุงเทพมหานคร
338,ซอย,พหลโยธิน 30 (ซอยอาลาดิน),ถนนพหลโยธิน,โรงเรียนช่างฝีมือทหาร,7.30-8.30,0.51,2024-10-15,จตุจักร,สำนักการโยธา,กรุงเทพมหานคร
339,ซอย,พัฒนาการ 20 (ซอยสวนหลวง),ถนนพัฒนาการ,คลองบ้านป่า,11.70-14.00,1.45,2004-12-03,สวนหลวง,สำนักการโยธา,กรุงเทพมหานคร
340,ซอย,ถนนพาณิชยการธนบุรี (จรัญสนิทวงศ์ 13),ถนนจรัญสนิทวงศ์,คลองบางกอกใหญ่,12.00,0.93,1985-03-29,บางกอกใหญ่,สำนักการโยธา,กรุงเทพมหานคร
341,ซอย,เพชรเกษม 48,ถนนเพชรเกษม,ถนนสายบางแวก,9.00-12.00,3.432,1986-08-11,ภาษีเจริญ,สำนักการโยธา,กรุงเทพมหานคร
342,ซอย,เพชรเกษม 63 (ซอยวัดม่วง),ถนนเพชรเกษม,คลองบางแค,11.00-12.00,0.645,1986-08-11,"บางแค,ภาษีเจริญ",สำนักการโยธา,กรุงเทพมหานคร
343,ซอย,เพชรเกษม 77,ถนนเพชรเกษม,บ้านเลขที่ 28/5 ม.8,20.00,0.453,1984-12-24,หนองแขม,สำนักการโยธา,กรุงเทพมหานคร
344,ซอย,เพชรบุรี 31 (ซอยจารุรัตน์),ถนนเพชรบุรี,บ้านเลขที่ 1091/61,14.50,0.369,1984-10-05,ราชเทวี,สำนักการโยธา,กรุงเทพมหานคร
345,ซอย,"ถนนมหาดไทย (ลาดพร้าว 122, ซอยมหาดไทย 1)",ถนนลาดพร้าว,สุดซอย (คลองแสนแสบ),10.00-11.00,1.8,2000-06-09,วังทองหลาง,สำนักการโยธา,กรุงเทพมหานคร
346,ซอย,ลาดพร้าว 8,ถนนลาดพร้าว,ถนนวิภาวดีรังสิต,6.00-8.20,0.78,2024-10-15,จตุจักร,สำนักการโยธา,กรุงเทพมหานคร
347,ซอย,ลาดพร้าว 71 (ซอยสังคมสงเคราะห์เหนือ 1),ถนนลาดพร้าว,ซอยสังคมสงเคราะห์,22.00-24.00,0.95,2000-09-21,วังทองหลาง,สำนักการโยธา,กรุงเทพมหานคร
348,ซอย,สาทร 11 (เซ็นต์หลุยส์ 3),ถนนสาทรใต้,จันทน์ 18/7 (ซอยเซนต์หลุยส์ 3),11.10-12.80,0.825,2010-05-04,สาทร,สำนักการโยธา,กรุงเทพมหานคร
349,ซอย,สาทร 13 (เซนต์หลุยส์ 2),ถนนสาทรใต้,สาทร 11 (เซนต์หลุยส์ 3),4.00-9.00,0.79,2002-05-15,สาทร,สำนักการโยธา,กรุงเทพมหานคร
350,ซอย,สุขสวัสดิ์ 13,ถนนสุขสวัสดิ์,ถนนราษฎร์บูรณะ,8.00,0.477,2001-08-06,ราษฎร์บูรณะ,สำนักการโยธา,กรุงเทพมหานคร
351,ซอย,สุขสวัสดิ์ 27,ถนนสุขสวัสดิ์,คลองต้นตะโก,20.00,0.222,2001-07-20,ราษฎร์บูรณะ,สำนักการโยธา,กรุงเทพมหานคร
351,ซอย,สุขสวัสดิ์ 27,คลองต้นตะโก,วัดประเสริฐสุทราวาส,17.00,0.2,2001-07-20,ราษฎร์บูรณะ,สำนักการโยธา,กรุงเทพมหานคร
351,ซอย,สุขสวัสดิ์ 27,วัดประเสริฐสุทราวาส,ถนนราษฎร์บูรณะ,16.00,0.304,2001-07-20,ราษฎร์บูรณะ,สำนักการโยธา,กรุงเทพมหานคร
352,ซอย,สุขุมวิท 3 (ซอยนานาเหนือ),ถนนสุขุมวิท,คลองแสนแสบ,20.00,0.648,2004-07-12,วัฒนา,สำนักการโยธา,กรุงเทพมหานคร
352,ซอย,สุขุมวิท 3 (ซอยนานาเหนือ),ถนนสุขุมวิท,ถนนเพชรบุรี,16.00,0.892,1984-08-21,วัฒนา,สำนักการโยธา,กรุงเทพมหานคร
352,ซอย,สุขุมวิท 3 (ซอยนานาเหนือ),ถนนเพชรบุรี,คลองแสนแสบ,16.00,0.19,1984-08-21,ราชเทวี,สำนักการโยธา,กรุงเทพมหานคร
353,ซอย,สุขุมวิท 21 (ซอยอโศก),ถนนสุขุมวิท,ถนนเพชรบุรี,20.50,1.29,1984-08-21,วัฒนา,สำนักการโยธา,กรุงเทพมหานคร
353,ซอย,สุขุมวิท 21 (ซอยอโศก),ถนนเพชรบุรี,คลองแสนแสบ,20.50,0.095,1984-08-21,ราชเทวี,สำนักการโยธา,กรุงเทพมหานคร
354,ซอย,สุขุมวิท 22 (ซอยสายน้ำทิพย์),ถนนสุขุมวิท,ถนนพระรามที่ 4,10.50,1.5,1998-10-02,คลองเตย,สำนักการโยธา,กรุงเทพมหานคร
355,ซอย,สุขุมวิท 26 (ซอยอารีย์),ถนนสุขุมวิท,ถนนพระรามที่ 4,11.90-13.00,1.36,2010-05-04,คลองเตย,สำนักการโยธา,กรุงเทพมหานคร
356,ซอย,สุขุมวิท 39 (ซอยพร้อมพงษ์),ถนนสุขุมวิท,บ้านเลขที่ 159,10.50-12.00,1.755,1984-08-21,วัฒนา,สำนักการโยธา,กรุงเทพมหานคร
356,ซอย,สุขุมวิท 39 (ซอยพร้อมพงษ์),ถนนเพชรบุรีตัดใหม่,คลองแสนแสบ,18.00-20.00,0.12,2017-12-29,ห้วยขวาง,สำนักการโยธา,กรุงเทพมหานคร
357,ซอย,สุขุมวิท 40 (บ้านกล้วยใต้),ถนนสุขุมวิท,ถนนพระรามที่ 4,6.90,1.16,1998-10-02,คลองเตย,สำนักการโยธา,กรุงเทพมหานคร
358,ซอย,สุขุมวิท 42 (ซอยกล้วยน้ำไท),ถนนสุขุมวิท,ถนนทางรถไฟสายเก่าปากน้ำ,11.78-30.80,1.097,2024-06-28,คลองเตย,สำนักการโยธา,กรุงเทพมหานคร
359,ซอย,สุขุมวิท 49 (ซอยกลาง),ถนนสุขุมวิท,คลองแสนแสบ,8.00-12.00,2.084,2001-06-13,วัฒนา,สำนักการโยธา,กรุงเทพมหานคร
360,ซอย,สุขุมวิท 50 (ซอยเกษมสุวรรณ),ถนนสุขุมวิท,ถนนทางรถไฟสายเก่าปากน้ำ,7.90-37.10,1.317,2024-06-28,คลองเตย,สำนักการโยธา,กรุงเทพมหานคร
361,ซอย,สุขุมวิท 55 (ทองหล่อ),ถนนเพชรบุรีตัดใหม่,คลองแสนแสบ,23.20,0.118,2017-12-29,ห้วยขวาง,สำนักการโยธา,กรุงเทพมหานคร
361,ซอย,สุขุมวิท 55 (ทองหล่อ),ถนนสุขุมวิท,คลองแสนแสบ,25.00,2.248,2001-06-13,วัฒนา,สำนักการโยธา,กรุงเทพมหานคร
362,ซอย,สุขุมวิท 101,ถนนสุขุมวิท,สุดระยะ (บ้านเลขที่ 865),7.70-10.60,1.755,2011-04-19,พระโขนง,สำนักการโยธา,กรุงเทพมหานคร
363,ซอย,สุขุมวิท 101/1,ถนนสุขุมวิท,วัดวชิรธรรมสาธิต,13.00-20.20,3.12,2011-04-19,พระโขนง,สำนักการโยธา,กรุงเทพมหานคร
364,ซอย,อ่อนนุช 17 (ซอยสวนหลวง),ถนนอ่อนนุช,คลองบ้านป่า,11.00-13.80,2.5,2004-12-03,สวนหลวง,สำนักการโยธา,กรุงเทพมหานคร
364,ซอย,อ่อนนุช 17 (ซอยสวนหลวง),สามแยกซอยสวนหลวง ช่วงที่ 1,สี่แยกตะวันทอง,12.50-14.10,0.5,2004-12-03,สวนหลวง,สำนักการโยธา,กรุงเทพมหานคร
365,ซอย,ซอยอินทาปัจ 13,ถนนเพชรเกษม 69,ซอยวัดม่วง (เพชรเกษม 63),8.00-10.00,1.16,1985-05-10,บางแค,สำนักการโยธา,กรุงเทพมหานคร
